Company Name,Instrument Category,Rating,Outlook,Instrument Amount,Date,URL
Arka Eduserve Private Limited,Long Term Bank Facilities,IVR BBB- (Downgraded),Stable,Rs. 29.91 Cr. (Reduced from Rs. 40.66 Crore),"Aug 11, 2025",https://www.infomerics.com/admin/uploads/pr-arka-eduserve-11aug25.pdf
Geokno India Private Limited,Long Term Bank Facilities,Withdrawn,Nil,0.00 (Reduced from Rs. 4 crore),"Aug 11, 2025",https://www.infomerics.com/admin/uploads/pr-geokno-india-11aug2025.pdf
Geokno India Private Limited,Proposed Long Term Bank Facilities,Withdrawn,Nil,0.00 (Reduced from Rs. 6 crore),"Aug 11, 2025",https://www.infomerics.com/admin/uploads/pr-geokno-india-11aug2025.pdf
Geokno India Private Limited,Short Term Bank Facilities,Withdrawn,Nil,0.00 (Reduced from Rs. 11 crore),"Aug 11, 2025",https://www.infomerics.com/admin/uploads/pr-geokno-india-11aug2025.pdf
Geokno India Private Limited,Proposed Short Term Bank Facilities,Withdrawn,Nil,0.00 (Reduced from Rs. 9 crore),"Aug 11, 2025",https://www.infomerics.com/admin/uploads/pr-geokno-india-11aug2025.pdf
Jama Corporation Private Limited,Long Term Bank Facilities,Withdrawn,Nil,0.00,"Aug 11, 2025",https://www.infomerics.com/admin/uploads/pr-jama-corporation-11aug25.pdf
Jama Corporation Private Limited,Long Term Bank Facilities,IVR BB+ (Upgraded and Withdrawn),Stable,Rs. 10.00 Cr.,"Aug 11, 2025",https://www.infomerics.com/admin/uploads/pr-jama-corporation-11aug25.pdf
Jama Corporation Private Limited,Short Term Bank Facilities,IVR A4+ (Upgraded and Withdrawn),Nil,Rs. 84.50 Cr.,"Aug 11, 2025",https://www.infomerics.com/admin/uploads/pr-jama-corporation-11aug25.pdf
Marwadi Chandarana Intermediaries Brokers Private Limited,Non-Fund Based Long Term/Short Term Bank Facilities - Bank Guarantee,IVR A-/IVR A2+; (Reaffirmed),Stable/-,Rs. 140.00 Cr.,"Aug 11, 2025",https://www.infomerics.com/admin/uploads/pr-Marwadi-Chandarana-11aug25.pdf
Marwadi Chandarana Intermediaries Brokers Private Limited,Non-Fund Based Long Term/Short Term Bank Facilities - Proposed Bank Guarantee,IVR A-/IVR A2+; (Reaffirmed),Stable/-,Rs. 210.00 Cr.,"Aug 11, 2025",https://www.infomerics.com/admin/uploads/pr-Marwadi-Chandarana-11aug25.pdf
Marwadi Chandarana Intermediaries Brokers Private Limited,Fund Based Long Term Bank Facilities- Term Loan,IVR A- (Reaffirmed),Stable,Rs. 180.00 Cr.,"Aug 11, 2025",https://www.infomerics.com/admin/uploads/pr-Marwadi-Chandarana-11aug25.pdf
Marwadi Chandarana Intermediaries Brokers Private Limited,Non-Fund Based Long Term/Short Term Bank Facilities - Bank Guarantee,IVR A-/IVR A2+; (Reaffirmed),Stable/-,Rs. 320.00 Cr.,"Aug 11, 2025",https://www.infomerics.com/admin/uploads/pr-Marwadi-Chandarana-11aug25.pdf
Marwadi Chandarana Intermediaries Brokers Private Limited,Proposed Non-Convertible Debentures,IVR A- (Reaffirmed),Stable,Rs. 50.00 Cr.,"Aug 11, 2025",https://www.infomerics.com/admin/uploads/pr-Marwadi-Chandarana-11aug25.pdf
Marwadi Chandarana Intermediaries Brokers Private Limited,Proposed Non-Convertible Debentures,IVR A- (Reaffirmed),Stable,Rs. 150.00 Cr.,"Aug 11, 2025",https://www.infomerics.com/admin/uploads/pr-Marwadi-Chandarana-11aug25.pdf
Marwadi Chandarana Intermediaries Brokers Private Limited,Proposed Non-Convertible Debentures,IVR A- (Assigned),Stable,Rs. 100.00 Cr.,"Aug 11, 2025",https://www.infomerics.com/admin/uploads/pr-Marwadi-Chandarana-11aug25.pdf
Marwadi Chandarana Intermediaries Brokers Private Limited,Proposed Commercial Paper Issue,IVR A2+ (Assigned),Nil,Rs. 50.00 Cr.,"Aug 11, 2025",https://www.infomerics.com/admin/uploads/pr-Marwadi-Chandarana-11aug25.pdf
Medica Hospitals Private Limited,Long Term Bank Facilities,Withdrawn,Nil,-,"Aug 11, 2025",https://www.infomerics.com/admin/uploads/pr-medica-hospitals-11aug25.pdf
Medica Hospitals Private Limited,Short Term Bank Facilities,Withdrawn,Nil,-,"Aug 11, 2025",https://www.infomerics.com/admin/uploads/pr-medica-hospitals-11aug25.pdf
Panyam Cements and Minerals Industries Limited,Long Term Bank Facilities,IVR BB- (Downgraded),Stable,Rs. 140.00 Cr.,"Aug 11, 2025",https://www.infomerics.com/admin/uploads/pr-Panyam-Cement-11aug25.pdf
Panyam Cements and Minerals Industries Limited,Short Term Bank Facilities,IVR A4 (Reaffirmed),Nil,Rs. 20.00 Cr.,"Aug 11, 2025",https://www.infomerics.com/admin/uploads/pr-Panyam-Cement-11aug25.pdf
Pragathi Tobacco Traders India Private Limited,Long Term Facilities,IVR BB+ (Assigned),Stable,Rs. 50.00 Cr.,"Aug 11, 2025",https://www.infomerics.com/admin/uploads/pr-pragathi-tobacco-11aug25.pdf
Pragathi Tobacco Traders India Private Limited,Long Term Facilities,IVR BB+ (Reaffirmed),Stable,Rs. 40.00 Cr.,"Aug 11, 2025",https://www.infomerics.com/admin/uploads/pr-pragathi-tobacco-11aug25.pdf
Sahakar Maharshi Shankarrao Kolhe Sahakari Sakhar Karkhana Limited,Long Term Fund Based Bank Facilities,IVR B (INC)(Downgraded),Negative,Rs. 60.00 Cr.,"Aug 11, 2025",https://www.infomerics.com/admin/uploads/pr-sahakar-maharshi-11aug25.pdf
Saket Infraprojects Private Limited,Long Term Bank Facilities,IVR BBB+ (Upgraded),Stable,Rs. 30.00 Cr.,"Aug 11, 2025",https://www.infomerics.com/admin/uploads/pr-saket-infraprojects-11aug25.pdf
Saket Infraprojects Private Limited,Long Term/ Short Term Bank Facilities,IVR BBB+/IVR A2; (Upgraded),Stable/-,Rs. 90.00 Cr.,"Aug 11, 2025",https://www.infomerics.com/admin/uploads/pr-saket-infraprojects-11aug25.pdf
Vama Industries Limited,Long Term/Short Term Facilities,IVR BB-/IVR A4; (Assigned),Stable/-,Rs. 12.00 Cr.,"Aug 11, 2025",https://www.infomerics.com/admin/uploads/pr-vama-industries-11aug25.pdf
Visag Biofuels Private Limited,Long Term Bank Facilities,IVR BBB (Upgraded),Stable,Rs. 149.66 Cr.,"Aug 11, 2025",https://www.infomerics.com/admin/uploads/pr-visag-biofuels-11aug25.pdf
Visag Biofuels Private Limited,Short Term Bank Facilities,IVR A3+ (Upgraded),Nil,Rs. 5.00 Cr.,"Aug 11, 2025",https://www.infomerics.com/admin/uploads/pr-visag-biofuels-11aug25.pdf
Aequs Engineered Plastics Private Limited,Long Term Bank Facilities,IVR BB- (Downgraded and Withdrawn),Negative,Rs. 21.55 Cr.,"Aug 08, 2025",https://www.infomerics.com/admin/uploads/pr-Aequs-Engineered-8aug25.pdf
Aequs Engineered Plastics Private Limited,Short Term Bank Facilities,IVR A4 (Downgraded and Withdrawn),Nil,Rs. 10.00 Cr.,"Aug 08, 2025",https://www.infomerics.com/admin/uploads/pr-Aequs-Engineered-8aug25.pdf
Aequs Limited,Long Term Bank Facilities,IVR BB (Reaffirmed and Withdrawn),Stable,Rs. 25.00 Cr.,"Aug 08, 2025",https://www.infomerics.com/admin/uploads/pr-aequs-limited-8aug25.pdf
Aerospace Processing India Private Limited,Long Term Bank Facilities,IVR BB (Downgraded and Withdrawn),Stable,Rs. 13.14 Cr.,"Aug 08, 2025",https://www.infomerics.com/admin/uploads/pr-aerospace-processing-8aug25.pdf
AeroStructures Manufacturing India Private Limited,Long Term Bank Facilities,IVR BB (Downgraded and Withdrawn),Stable,Rs. 180.52 Cr.,"Aug 08, 2025",https://www.infomerics.com/admin/uploads/pr-AeroStructures-Manufacturing-8aug2025.pdf
AeroStructures Manufacturing India Private Limited,Long Term Bank Facilities,IVR A4 (Downgraded and Withdrawn),Nil,Rs. 2.00 Cr.,"Aug 08, 2025",https://www.infomerics.com/admin/uploads/pr-AeroStructures-Manufacturing-8aug2025.pdf
Congruent Remedies Private Limited,Long Term Facilities,IVR BB- (INC)(Downgraded),Negative,Rs. 39.34 Cr.,"Aug 08, 2025",https://www.infomerics.com/admin/uploads/pr-congruent-remedies-8aug25.pdf
ECE Industries Limited,Long Term Bank Facilities,IVR A- (Reaffirmed),Stable,Rs. 135.00 Cr. (Includes Proposed amount of Rs. 50.00 Crore),"Aug 08, 2025",https://www.infomerics.com/admin/uploads/pr-ECE-Industries-8aug25.pdf
ECE Industries Limited,Short Term Bank Facilities,IVR A2+ (Reaffirmed),Nil,Rs. 700.00 Cr. (Includes Proposed amount of Rs. 351.00 Crore),"Aug 08, 2025",https://www.infomerics.com/admin/uploads/pr-ECE-Industries-8aug25.pdf
Fruit Basket Cold Chain Private Limited,Long Term Bank Facilities,IVR BB- (Assigned),Stable,Rs. 25.15 Cr.,"Aug 08, 2025",https://www.infomerics.com/admin/uploads/pr-FruitBasket-ColdChain-8aug25.pdf
GEE Limited,Long Term Bank Facilities,IVR BBB- (Downgraded),Stable,Rs. 90.00 Cr.,"Aug 08, 2025",https://www.infomerics.com/admin/uploads/pr-GEE-Limited-8aug25.pdf
GEE Limited,Short Term Bank Facilities,IVR A3 (Downgraded),Nil,Rs. 10.00 Cr.,"Aug 08, 2025",https://www.infomerics.com/admin/uploads/pr-GEE-Limited-8aug25.pdf
Growing Opportunity Finance India Private Limited,Long Term Fund Based Bank Facilities - Term Loans,IVR B+ (INC)(Downgraded),Negative,Rs. 58.47 Cr.,"Aug 08, 2025",https://www.infomerics.com/admin/uploads/pr-growing-opportunity-8aug25.pdf
Growing Opportunity Finance India Private Limited,Proposed Long Term Fund Based Facilities,IVR B+ (INC)(Downgraded),Negative,Rs. 130.90 Cr.,"Aug 08, 2025",https://www.infomerics.com/admin/uploads/pr-growing-opportunity-8aug25.pdf
Him Teknoforge Limited,Long Term Bank Facilities,IVR BBB+ (Reaffirmed),Stable,Rs. 200.03 Cr. (Includes Proposed amount of Rs. 30.00 Crore),"Aug 08, 2025",https://www.infomerics.com/admin/uploads/pr-Him-Teknoforge-8aug25.pdf
Him Teknoforge Limited,Short Term Bank Facilities,IVR A2 (Reaffirmed),Nil,Rs. 28.00 Cr.,"Aug 08, 2025",https://www.infomerics.com/admin/uploads/pr-Him-Teknoforge-8aug25.pdf
Hindustan Equipments Private Limited,Long term Bank Facilities,IVR BBB- (Reaffirmed),Stable,Rs. 55.00 Cr. (Reduced from Rs.58.16 crore),"Aug 08, 2025",https://www.infomerics.com/admin/uploads/pr-hindustan-equipments-8aug25.pdf
Hindustan Equipments Private Limited,Short term Bank Facilities,IVR A3 (Reaffirmed),Nil,Rs. 41.60 Cr.,"Aug 08, 2025",https://www.infomerics.com/admin/uploads/pr-hindustan-equipments-8aug25.pdf
Indo Farm Equipment Limited,Long Term Bank Facilities,IVR A- (Reaffirmed),Stable,Rs. 85.64 Cr. (Reduced from Rs. 137.47 Crore),"Aug 08, 2025",https://www.infomerics.com/admin/uploads/pr-IndoFarm-Equipment-8aug25.pdf
Indo Farm Equipment Limited,Short Term Bank Facilities,IVR A2+ (Reaffirmed),Nil,Rs. 18.70 Cr. (Enhanced from Rs. 15.20 Crore),"Aug 08, 2025",https://www.infomerics.com/admin/uploads/pr-IndoFarm-Equipment-8aug25.pdf
Kamal & Associates Private Limited,Long Term Bank Facilities,IVR BBB- (Reaffirmed),Stable,Rs. 19.50 Cr.,"Aug 08, 2025",https://www.infomerics.com/admin/uploads/pr-kamal-associates-8aug25.pdf
Kamal & Associates Private Limited,Short Term Bank Facilities,IVR A3 (Reaffirmed),Nil,Rs. 45.50 Cr. (Includes Proposed amount of Rs. 1.50 Crore),"Aug 08, 2025",https://www.infomerics.com/admin/uploads/pr-kamal-associates-8aug25.pdf
Kanak Instalments Limited,Long Term Fund Based Limits (Proposed),IVR B- (INC)(Reaffirmed),Negative,Rs. 5.00 Cr.,"Aug 08, 2025",https://www.infomerics.com/admin/uploads/pr-kanak-instalments-8aug25.pdf
Lands Mill Agro Private Limited,Long Term Bank Facilities,IVR BB+ (INC)(Downgraded),Negative,Rs. 44.90 Cr.,"Aug 08, 2025",https://www.infomerics.com/admin/uploads/pr-lands-millagro-8aug25.pdf
Lands Mill Agro Private Limited,Short Term Bank Facilities,IVR A4+ (INC)(Downgraded),Nil,Rs. 100.00 Cr.,"Aug 08, 2025",https://www.infomerics.com/admin/uploads/pr-lands-millagro-8aug25.pdf
Lucky Global Projects Private Limited,Long Term Bank Facilities,IVR B (INC)(Downgraded),Negative,Rs. 38.00 Cr.,"Aug 08, 2025",https://www.infomerics.com/admin/uploads/pr-Lucky-GlobalProjects-8aug25.pdf
Lucky Global Projects Private Limited,Short Term Bank Facilities,IVR A4 (INC)(Reaffirmed),Nil,Rs. 105.00 Cr.,"Aug 08, 2025",https://www.infomerics.com/admin/uploads/pr-Lucky-GlobalProjects-8aug25.pdf
Mahakaleshwar Infratech Private Limited,Long Term Bank Facilities,IVR B+ (INC)(Downgraded),Negative,Rs. 70.00 Cr.,"Aug 08, 2025",https://www.infomerics.com/admin/uploads/pr-mahakaleshwar-infratech-8aug25.pdf
Manipal Energy & Infratech Limited,Long Term Fund Based Bank Facilities - Cash Credit,IVR BBB (Upgraded),Stable,Rs. 30.00 Cr.,"Aug 08, 2025",https://www.infomerics.com/admin/uploads/pr-manipal-energy-8aug25.pdf
Manipal Energy & Infratech Limited,Long Term Fund Based Bank Facilities - GECL,Withdrawn,Nil,0.00 (Reduced from Rs. 0.16 Crore),"Aug 08, 2025",https://www.infomerics.com/admin/uploads/pr-manipal-energy-8aug25.pdf
Manipal Energy & Infratech Limited,Long Term Fund Based Bank Facilities - Term Loan,IVR BBB (Upgraded),Stable,Rs. 1.38 Cr. (Reduced from Rs. 5.70 Crore),"Aug 08, 2025",https://www.infomerics.com/admin/uploads/pr-manipal-energy-8aug25.pdf
Manipal Energy & Infratech Limited,Long Term Fund Based Bank Facilities -WCDL,IVR BBB (Upgraded),Stable,Rs. 15.00 Cr.,"Aug 08, 2025",https://www.infomerics.com/admin/uploads/pr-manipal-energy-8aug25.pdf
Manipal Energy & Infratech Limited,Short Term Non- Fund Based Bank Facility,IVR A3+ (Upgraded),Nil,Rs. 45.00 Cr.,"Aug 08, 2025",https://www.infomerics.com/admin/uploads/pr-manipal-energy-8aug25.pdf
Manipal Energy & Infratech Limited,Proposed Long term Bank facility,IVR BBB (Assigned),Stable,Rs. 40.00 Cr.,"Aug 08, 2025",https://www.infomerics.com/admin/uploads/pr-manipal-energy-8aug25.pdf
Marathon Nextgen Realty Limited,Long Term Facilities,Withdrawn,Nil,0.00 (Reduced from Rs. 194.25.00 Crore),"Aug 08, 2025",https://www.infomerics.com/admin/uploads/pr-marathon-nextgen-8aug25.pdf
Marudhara Primeinfra Private Limited,Long Term Bank Facilities,IVR BB- (Assigned),Stable,Rs. 30.00 Cr.,"Aug 08, 2025",https://www.infomerics.com/admin/uploads/pr-marudhara-primeinfra-8aug25.pdf
Marudhara Primeinfra Private Limited,Short Term Bank Facilities,IVR A4 (Assigned),Nil,Rs. 20.00 Cr.,"Aug 08, 2025",https://www.infomerics.com/admin/uploads/pr-marudhara-primeinfra-8aug25.pdf
MNR Cottons Private Limited,Long Term Bank Facilities,IVR B (INC)(Downgraded),Negative,Rs. 13.00 Cr.,"Aug 08, 2025",https://www.infomerics.com/admin/uploads/pr-mnr-cottons-8aug25.pdf
MNR Cottons Private Limited,Short Term Bank Facilities,IVR A4 (INC)(Reaffirmed),Nil,Rs. 3.80 Cr.,"Aug 08, 2025",https://www.infomerics.com/admin/uploads/pr-mnr-cottons-8aug25.pdf
Nandkamal Infotech Private Limited,Long Term Bank Facilities - Term Loan,IVR BB- (INC)(Downgraded),Negative,Rs. 294.30 Cr.,"Aug 08, 2025",https://www.infomerics.com/admin/uploads/pr-nandkamal-8aug25.pdf
Prakash Gold Palace Private Limited,Long Term Facilities,IVR D (INC)(Reaffirmed),Nil,Rs. 200.00 Cr.,"Aug 08, 2025",https://www.infomerics.com/admin/uploads/pr-Prakash-GoldPalace-8aug25.pdf
Shivganga Drillers Private Limited,Long Term Facilities,IVR BBB+ (Upgraded),Stable,Rs. 98.27 Cr. (increased from Rs. 12.50 Crore),"Aug 08, 2025",https://www.infomerics.com/admin/uploads/pr-shivganga-drillers-8aug25.pdf
Shivganga Drillers Private Limited,Short Term Facilities,IVR A2 (Upgraded),Nil,Rs. 14.00 Cr. (increased from Rs. 11.00 Crore),"Aug 08, 2025",https://www.infomerics.com/admin/uploads/pr-shivganga-drillers-8aug25.pdf
Squad Forging India Private Limited,Long Term Bank Facilities,IVR BB (Downgraded) (Withdrawn),Stable,Rs. 21.17 Cr. (Reduced from Rs. 22.91 crore),"Aug 08, 2025",https://www.infomerics.com/admin/uploads/pr-squad-forging-8aug2025.pdf
Squad Forging India Private Limited,Short Term Bank Facilities,IVR A4 (Downgraded) (Withdrawn),Nil,Rs. 13.00 Cr.,"Aug 08, 2025",https://www.infomerics.com/admin/uploads/pr-squad-forging-8aug2025.pdf
Surya Alloy Industries Limited,Long-term Bank Facilities,IVR BB- (Assigned),Stable,Rs. 97.13 Cr.,"Aug 08, 2025",https://www.infomerics.com/admin/uploads/Pr-Surya-Alloy-Industries-8aug25.pdf
Surya Alloy Industries Limited,Short-term Bank Facilities,IVR A4 (Assigned),Nil,Rs. 50.77 Cr.,"Aug 08, 2025",https://www.infomerics.com/admin/uploads/Pr-Surya-Alloy-Industries-8aug25.pdf
Vasista Marine Private Limited,Long Term Bank Facilities,IVR BB (INC)(Downgraded),Negative,Rs. 27.00 Cr.,"Aug 08, 2025",https://www.infomerics.com/admin/uploads/pr-vasista-marine-8aug25.pdf
Vasista Marine Private Limited,Short Term Bank Facilities,IVR A4 (INC)(Downgraded),Nil,Rs. 18.00 Cr.,"Aug 08, 2025",https://www.infomerics.com/admin/uploads/pr-vasista-marine-8aug25.pdf
Vatika Limited,Long Term Bank Facilities,IVR D (INC)(Downgraded),Nil,Rs. 164.57 Cr.,"Aug 08, 2025",https://www.infomerics.com/admin/uploads/pr-vatika-limited-8aug25.pdf
VCI Chemicals Industries Limited,Long Term Bank Facility,IVR BB (Upgraded),Stable,Rs. 120.00 Cr.,"Aug 08, 2025",https://www.infomerics.com/admin/uploads/pr-VCI-Chemical-8aug25.pdf
VCI Chemicals Industries Limited,Short Term Bank Facility,IVR A4 (Reaffirmed),Nil,Rs. 1.80 Cr.,"Aug 08, 2025",https://www.infomerics.com/admin/uploads/pr-VCI-Chemical-8aug25.pdf
Vishal Fashions Private Limited,Long Term Bank Facilities,IVR BBB- (Reaffirmed),Stable,Rs. 45.00 Cr.,"Aug 08, 2025",https://www.infomerics.com/admin/uploads/pr-vishal-fashions-8aug25.pdf
AGA Infra Projects Private Limited,Long Term Bank Facilities,IVR BBB- (Assigned),Stable,Rs. 29.96 Cr.,"Aug 07, 2025",https://www.infomerics.com/admin/uploads/Pr-AGA-Infra-Projects-7aug25.pdf
Ardee Engineering Limited,Long Term Bank Facilities,IVR BBB+ (Assigned),Stable,Rs. 118.00 Cr.,"Aug 07, 2025",https://www.infomerics.com/admin/uploads/pr-ardee-engineering-7aug25.pdf
Ardee Engineering Limited,Short Term Bank Facilities,IVR A2 (Assigned),Nil,Rs. 198.00 Cr.,"Aug 07, 2025",https://www.infomerics.com/admin/uploads/pr-ardee-engineering-7aug25.pdf
B P G Securities Private Limited,Long Term Bank Facilities - Lease Rental Discounting (LRD) Loan,IVR BB (INC)(Downgraded),Negative,Rs. 80.00 Cr.,"Aug 07, 2025",https://www.infomerics.com/admin/uploads/pr-BPG-Securities-7aug25.pdf
Eshan Autocorp India LLP,Long-term Bank Facility,IVR BB (Assigned),Stable,Rs. 4.50 Cr.,"Aug 07, 2025",https://www.infomerics.com/admin/uploads/Pr-Eshan-Autocorp-7aug25.pdf
Eshan Autocorp India LLP,Short-term Bank Facilities,IVR A4 (Assigned),Nil,Rs. 50.50 Cr. (includes proposed limit of Rs. 2.25 Cr.),"Aug 07, 2025",https://www.infomerics.com/admin/uploads/Pr-Eshan-Autocorp-7aug25.pdf
Fusion Industries Limited,Long Term Bank Facilities,IVR B+ (INC)(Downgraded),Negative,Rs. 20.00 Cr.,"Aug 07, 2025",https://www.infomerics.com/admin/uploads/pr-fusion-industries-7aug25.pdf
Fusion Industries Limited,Short Term Bank Facilities,IVR A4 (ISSUER NOT COOPERATING),Nil,Rs. 5.00 Cr.,"Aug 07, 2025",https://www.infomerics.com/admin/uploads/pr-fusion-industries-7aug25.pdf
IIFL Samasta Finance Limited,Proposed Non-Convertible Debentures (NCDs),IVR AA (Assigned),Stable,Rs. 200.00 Cr.,"Aug 07, 2025",https://www.infomerics.com/admin/uploads/Pr-IIFL-Samasta-Finance-7aug25.pdf
IIFL Samasta Finance Limited,Proposed Non-Convertible Debentures (NCDs),IVR AA (Reaffirmed),Stable,Rs. 50.00 Cr.,"Aug 07, 2025",https://www.infomerics.com/admin/uploads/Pr-IIFL-Samasta-Finance-7aug25.pdf
IIFL Samasta Finance Limited,Non-Convertible Debentures (NCDs),IVR AA (Reaffirmed),Stable,Rs. 50.00 Cr.,"Aug 07, 2025",https://www.infomerics.com/admin/uploads/Pr-IIFL-Samasta-Finance-7aug25.pdf
Inderjit Marwaha Autos Private Limited,Long Term Bank Facilities,IVR BBB- (Assigned),Stable,Rs. 59.34 Cr.,"Aug 07, 2025",https://www.infomerics.com/admin/uploads/pr-inderjit-marwaha-7aug25.pdf
Inderjit Marwaha Autos Private Limited,Short Term Bank Facilities,IVR A3 (Assigned),Nil,Rs. 3.00 Cr.,"Aug 07, 2025",https://www.infomerics.com/admin/uploads/pr-inderjit-marwaha-7aug25.pdf
Inderjit Marwaha Autos Private Limited,Proposed -Long Term/Short Term Bank Facilities,IVR BBB-/ IVR A3 (Assigned),Stable/-,Rs. 2.66 Cr.,"Aug 07, 2025",https://www.infomerics.com/admin/uploads/pr-inderjit-marwaha-7aug25.pdf
J R Bhalerao and Company,Long Term Bank Facilities - Cash Credit,IVR BBB- (Reaffirmed),Stable,Rs. 20.00 Cr. (enhanced from Rs. 12.00 crore),"Aug 07, 2025",https://www.infomerics.com/admin/uploads/Pr-JR-Bhalerao-Company-7aug25.pdf
J R Bhalerao and Company,Long Term Bank Facilities - Term Loan,Withdrawn,Nil,-,"Aug 07, 2025",https://www.infomerics.com/admin/uploads/Pr-JR-Bhalerao-Company-7aug25.pdf
J R Bhalerao and Company,Short Term Bank Facilities,IVR A3 (Reaffirmed),Nil,Rs. 4.00 Cr. (enhanced from Rs. 3.00 crore),"Aug 07, 2025",https://www.infomerics.com/admin/uploads/Pr-JR-Bhalerao-Company-7aug25.pdf
J R Bhalerao and Company,Proposed Long Term Bank Facilities,IVR BBB- (Reaffirmed),Stable,Rs. 4.00 Cr. (reduced from Rs.12.00 crore),"Aug 07, 2025",https://www.infomerics.com/admin/uploads/Pr-JR-Bhalerao-Company-7aug25.pdf
J R Bhalerao and Company,Proposed Short Term Bank Facilities,IVR A3 (Reaffirmed),Nil,Rs. 1.57 Cr. (reduced from Rs.2.57 crore),"Aug 07, 2025",https://www.infomerics.com/admin/uploads/Pr-JR-Bhalerao-Company-7aug25.pdf
Jalaram Ceramics Limited,Long Term Facilities,IVR BB- (Assigned),Stable,Rs. 26.55 Cr.,"Aug 07, 2025",https://www.infomerics.com/admin/uploads/Pr-Jalaram-Ceramics-7aug25.pdf
Jalaram Ceramics Limited,Short Term Facilities,IVR A4 (Assigned),Nil,Rs. 6.00 Cr.,"Aug 07, 2025",https://www.infomerics.com/admin/uploads/Pr-Jalaram-Ceramics-7aug25.pdf
Swadesh Metallics Private Limited,Long Term Bank Facilities,IVR BBB- (Assigned),Stable,Rs. 360.00 Cr.,"Aug 07, 2025",https://www.infomerics.com/admin/uploads/pr-swadesh-metallics-7aug25.pdf
Vahini Irrigation Private Limited,Long Term Bank Facilities,IVR BBB- (INC)(Downgraded),Negative,Rs. 55.24 Cr.,"Aug 07, 2025",https://www.infomerics.com/admin/uploads/pr-vahini-irrigation-7aug25.pdf
Vahini Irrigation Private Limited,Short Term Bank Facilities,IVR A3 (INC)(Downgraded),Nil,Rs. 53.40 Cr.,"Aug 07, 2025",https://www.infomerics.com/admin/uploads/pr-vahini-irrigation-7aug25.pdf
Vahini Irrigation Private Limited,Long Term/Short Term Bank Facilities,IVR BBB-/IVR A3; (INC)(Downgraded),Negative/-,Rs. 27.00 Cr.,"Aug 07, 2025",https://www.infomerics.com/admin/uploads/pr-vahini-irrigation-7aug25.pdf
Vidya Infrabuilt Private Limited,Long Term Bank Facilities,IVR BB+ (INC)(Downgraded),Negative,Rs. 58.54 Cr.,"Aug 07, 2025",https://www.infomerics.com/admin/uploads/pr-vidya-infrabuilt-7aug25.pdf
Vidya Infrabuilt Private Limited,Short Term Bank Facilities,IVR A4+ (INC)(Downgraded),Nil,Rs. 6.00 Cr.,"Aug 07, 2025",https://www.infomerics.com/admin/uploads/pr-vidya-infrabuilt-7aug25.pdf
VRV Hospitality Private Limited,Long Term Bank Facilities,IVR BBB- (Reaffirmed),Stable,Rs. 134.10 Cr.,"Aug 07, 2025",https://www.infomerics.com/admin/uploads/pr-vrv-hospitality-7aug25.pdf
VRV Hospitality Private Limited,Short Term Bank Facilities,IVR A3 (Reaffirmed),Nil,Rs. 5.00 Cr.,"Aug 07, 2025",https://www.infomerics.com/admin/uploads/pr-vrv-hospitality-7aug25.pdf
Alankar Apartments Private Limited,Long Term Bank Facilities,IVR BB+ (Upgraded),Stable,Rs. 650.65 Cr. (Reduced from Rs.728.25 crore),"Aug 06, 2025",https://www.infomerics.com/admin/uploads/pr-alankar-apartments-6aug25.pdf
Artech Realtors Private Limited,Long Term Bank Facilities,IVR B+ (INC)(Downgraded),Negative,Rs. 98.44 Cr.,"Aug 06, 2025",https://www.infomerics.com/admin/uploads/pr-artech-realtor-6aug25.pdf
BS Mining Corporation Private Limited,Long Term Bank Facilities,IVR BBB- (Reaffirmed),Stable,Rs. 70.68 Cr. (reduced from Rs. 71.46 Cr.),"Aug 06, 2025",https://www.infomerics.com/admin/uploads/pr-BS-Mining-6aug25.pdf
BS Mining Corporation Private Limited,Short Term Bank Facility,IVR A3 (Reaffirmed),Nil,Rs. 8.50 Cr.,"Aug 06, 2025",https://www.infomerics.com/admin/uploads/pr-BS-Mining-6aug25.pdf
CKIM Promoters LLP,Long Term Bank Facilities,IVR BBB- (Assigned),Stable,Rs. 70.00 Cr.,"Aug 06, 2025",https://www.infomerics.com/admin/uploads/pr-CKIM-6aug25.pdf
Ganesh Benzoplast Limited,Long term fund based bank facilities - Cash Credit,IVR BBB+ (Assigned),Stable,Rs. 20.00 Cr.,"Aug 06, 2025",https://www.infomerics.com/admin/uploads/pr-ganesh-benzoplast-6aug25.pdf
Ganesh Benzoplast Limited,Long Term/ Short term non- fund based bank facilities - Bank Guarantee,IVR BBB+/IVR A2; (Reaffirmed),Stable/-,Rs. 55.20 Cr. (Enhanced from Rs. 20.00 Crore),"Aug 06, 2025",https://www.infomerics.com/admin/uploads/pr-ganesh-benzoplast-6aug25.pdf
Gencrest Bioproducts Private Limited,Long Term Bank Facilities,IVR BB+ (Assigned),Stable,Rs. 75.00 Cr.,"Aug 06, 2025",https://www.infomerics.com/admin/uploads/pr-gencrestb-6aug2025.pdf
Gencrest Bioproducts Private Limited,Proposed Long Term Bank Facilities,IVR BB+ (Assigned),Stable,Rs. 25.00 Cr.,"Aug 06, 2025",https://www.infomerics.com/admin/uploads/pr-gencrestb-6aug2025.pdf
Hule Constructions Private Limited,Long Term Bank Facilities,IVR BBB- (Assigned),Stable,Rs. 15.74 Cr. (including proposed limit of Rs. 10.00 Crore),"Aug 06, 2025",https://www.infomerics.com/admin/uploads/pr-hule-constructions-6aug25.pdf
Hule Constructions Private Limited,Short Term Bank Facilities,IVR A3 (Assigned),Nil,Rs. 34.26 Cr. (including proposed limit of Rs. 14.26 Crore),"Aug 06, 2025",https://www.infomerics.com/admin/uploads/pr-hule-constructions-6aug25.pdf
KBS Industriies Limited,Long Term Bank Facilities,IVR BBB+ (Assigned),Stable,Rs. 110.34 Cr.,"Aug 06, 2025",https://www.infomerics.com/admin/uploads/pr-KBS-Industriies-6aug25.pdf
KBS Industriies Limited,Long Term Bank Facilities - Proposed,IVR BBB+ (Assigned),Stable,Rs. 1.16 Cr.,"Aug 06, 2025",https://www.infomerics.com/admin/uploads/pr-KBS-Industriies-6aug25.pdf
KBS Industriies Limited,Short Term Bank Facilities,IVR A2 (Assigned),Nil,Rs. 98.50 Cr.,"Aug 06, 2025",https://www.infomerics.com/admin/uploads/pr-KBS-Industriies-6aug25.pdf
M S Infraengineers Private Limited,Long Term Bank Facility,IVR BBB (Upgraded) (Withdrawn),Stable,Rs. 18.75 Cr.,"Aug 06, 2025",https://www.infomerics.com/admin/uploads/Pr-MS-Infraengineers-6aug25.pdf
M S Infraengineers Private Limited,Short Term Bank Facility,IVR A3+ (Upgraded) (Withdrawn),Nil,Rs. 5.00 Cr.,"Aug 06, 2025",https://www.infomerics.com/admin/uploads/Pr-MS-Infraengineers-6aug25.pdf
Mangala Marine EXIM India Private Limited,Long Term Facilities,IVR BB- (Reaffirmed),Stable,Rs. 11.00 Cr. (reduced from Rs. 13.62 Cr.),"Aug 06, 2025",https://www.infomerics.com/admin/uploads/Pr-Mangala-Marine-6aug25.pdf
Mangala Marine EXIM India Private Limited,Short Term Facilities,IVR A4 (Reaffirmed),Nil,Rs. 137.50 Cr. (increased from Rs. 122.00 Cr.),"Aug 06, 2025",https://www.infomerics.com/admin/uploads/Pr-Mangala-Marine-6aug25.pdf
Nupur Finvest Private Limited,Fund Based - Long Term Bank Facilities - Term Loans,IVR AA- (Reaffirmed),Stable,Rs. 39.48 Cr. (reduced from Rs. 69.24 Cr.),"Aug 06, 2025",https://www.infomerics.com/admin/uploads/pr-Nupur-Finvest-6aug25.pdf
Nupur Finvest Private Limited,Fund Based - Long Term Bank Facilities - Cash Credit,IVR AA- (Reaffirmed),Stable,Rs. 10.00 Cr. (reduced from Rs. 25.00 Cr.),"Aug 06, 2025",https://www.infomerics.com/admin/uploads/pr-Nupur-Finvest-6aug25.pdf
Paisalo Digital Limited,Long Term Bank Facilities,IVR AA (Reaffirmed),Stable,Rs. 2663.81 Cr. (Increased from Rs. 1946.61 Cr.),"Aug 06, 2025",https://www.infomerics.com/admin/uploads/pr-paisalo-6aug2025.pdf
Paisalo Digital Limited,Proposed Long Term Bank Facilities,IVR AA (Reaffirmed),Stable,Rs. 936.19 Cr. (Increased from Rs. 409.39 Cr.),"Aug 06, 2025",https://www.infomerics.com/admin/uploads/pr-paisalo-6aug2025.pdf
Paisalo Digital Limited,Non-Convertible Debentures (NCDs),IVR AA (Reaffirmed),Stable,Rs. 182.75 Cr.,"Aug 06, 2025",https://www.infomerics.com/admin/uploads/pr-paisalo-6aug2025.pdf
Paisalo Digital Limited,Non-Convertible Debentures (NCDs),IVR AA (Reaffirmed),Stable,Rs. 25.00 Cr.,"Aug 06, 2025",https://www.infomerics.com/admin/uploads/pr-paisalo-6aug2025.pdf
Paisalo Digital Limited,Non-Convertible Debentures (NCDs),IVR AA (Reaffirmed),Stable,Rs. 50.00 Cr.,"Aug 06, 2025",https://www.infomerics.com/admin/uploads/pr-paisalo-6aug2025.pdf
Paisalo Digital Limited,Non-Convertible Debentures (NCDs),Withdrawn,Nil,0.00 (Reduced from Rs. 18.00 Cr.),"Aug 06, 2025",https://www.infomerics.com/admin/uploads/pr-paisalo-6aug2025.pdf
Paisalo Digital Limited,Proposed Non-Convertible Debentures (NCDs),IVR AA (Reaffirmed),Stable,Rs. 282.25 Cr. (Reduced from Rs. 332.25 Cr.),"Aug 06, 2025",https://www.infomerics.com/admin/uploads/pr-paisalo-6aug2025.pdf
Paisalo Digital Limited,Commercial Paper (CPs),IVR A1+ (Reaffirmed),Nil,Rs. 103.00 Cr.,"Aug 06, 2025",https://www.infomerics.com/admin/uploads/pr-paisalo-6aug2025.pdf
Paisalo Digital Limited,Proposed Commercial Paper (CPs),IVR A1+ (Reaffirmed),Nil,Rs. 437.00 Cr.,"Aug 06, 2025",https://www.infomerics.com/admin/uploads/pr-paisalo-6aug2025.pdf
PCI Cables Industries Private Limited,Long Term Bank Facilities,IVR BBB (Upgraded),Stable,Rs. 90.50 Cr. (including proposed limit of Rs. 5.44 Cr.),"Aug 06, 2025",https://www.infomerics.com/admin/uploads/pr-PCI-Cables-6aug25.pdf
PCI Cables Industries Private Limited,Short Term Bank Facilities,IVR A3+ (Upgraded),Nil,Rs. 9.50 Cr.,"Aug 06, 2025",https://www.infomerics.com/admin/uploads/pr-PCI-Cables-6aug25.pdf
R. K. Madhani and Company,Long Term Bank Facilities,IVR BB- (INC)(Downgraded),Negative,Rs. 29.00 Cr.,"Aug 06, 2025",https://www.infomerics.com/admin/uploads/pr-RK-Madhani-6aug25.pdf
R. K. Madhani and Company,Short Term Bank Facilities,IVR A4 (INC)(Reaffirmed),Nil,Rs. 116.00 Cr.,"Aug 06, 2025",https://www.infomerics.com/admin/uploads/pr-RK-Madhani-6aug25.pdf
Rajda Industries & Exports Private Limited,Long Term Bank Facilities,Withdrawn,Nil,-,"Aug 06, 2025",https://www.infomerics.com/admin/uploads/pr-rajda-industries-6aug25.pdf
Rajda Industries & Exports Private Limited,Short Term Bank Facilities,IVR A4+ (Reaffirmed),Nil,Rs. 48.32 Cr. (enhanced from Rs. 45.00 Cr.),"Aug 06, 2025",https://www.infomerics.com/admin/uploads/pr-rajda-industries-6aug25.pdf
Rattan Ispat Limited,Long Term Bank Facilities,IVR BBB- (Reaffirmed),Stable,Rs. 148.58 Cr. (Reduced from Rs. 154.34 Crore),"Aug 06, 2025",https://www.infomerics.com/admin/uploads/pr-Rattan-Ispat-6aug25.pdf
Rattan Ispat Limited,Short Term Bank Facilities,IVR A3 (Reaffirmed),Nil,Rs. 32.45 Cr. (Enhanced from Rs. 18.39 Crore),"Aug 06, 2025",https://www.infomerics.com/admin/uploads/pr-Rattan-Ispat-6aug25.pdf
Rayou Constructions Private Limited,Long Term Bank Facilities,IVR BBB- (Assigned),Stable,Rs. 12.95 Cr.,"Aug 06, 2025",https://www.infomerics.com/admin/uploads/pr-rayou-6aug25.pdf
Rayou Constructions Private Limited,Short Term Bank Facilities,IVR A3 (Assigned),Nil,Rs. 18.00 Cr.,"Aug 06, 2025",https://www.infomerics.com/admin/uploads/pr-rayou-6aug25.pdf
Shri Datta Shetakari Sahakari Sakhar Karkhana Limited,Long Term Bank Facilities,IVR BB- (INC)(Downgraded),Negative,Rs. 625.00 Cr. (including proposed limit of Rs. 4.22 Crore),"Aug 06, 2025",https://www.infomerics.com/admin/uploads/pr-ShriDatta-Shetakari-6aug25.pdf
Sri Vethaa Dairy Private Limited,Long Term Facilities,IVR BB+ (Assigned),Stable,Rs. 65.83 Cr.,"Aug 06, 2025",https://www.infomerics.com/admin/uploads/pr-srivethaa-dairy-6aug25.pdf
Tiger Logistics India Limited,Long Term Bank Facilities,IVR A- (Upgraded),Stable,Rs. 37.67 Cr.,"Aug 06, 2025",https://www.infomerics.com/admin/uploads/pr-tiger-logistics-6apr25.pdf
Tiger Logistics India Limited,Short Term Bank Facilities,IVR A2+ (Upgraded),Nil,Rs. 2.60 Cr.,"Aug 06, 2025",https://www.infomerics.com/admin/uploads/pr-tiger-logistics-6apr25.pdf
Tiger Logistics India Limited,Long/Short Term Bank Facilities (Proposed),IVR A-/IVR A2+; (Upgraded),Stable/-,Rs. 4.73 Cr.,"Aug 06, 2025",https://www.infomerics.com/admin/uploads/pr-tiger-logistics-6apr25.pdf
Utkarsh Bars Private Limited,Long Term Bank Facilities,IVR BB+ (Upgraded and Withdrawn),Stable,Rs. 24.50 Cr.,"Aug 06, 2025",https://www.infomerics.com/admin/uploads/pr-utkarsh-bars-6aug25.pdf
Utkarsh Ispat LLP,Long Term Bank Facilities,Withdrawn,Nil,-,"Aug 06, 2025",https://www.infomerics.com/admin/uploads/pr-utkarsh-ispat-6aug25.pdf
Utkarsh Ispat LLP,Long/ Short Term Bank Facility,IVR BB+/IVR A4+; (Upgraded and Withdrawn),Stable/-,Rs. 6.00 Cr.,"Aug 06, 2025",https://www.infomerics.com/admin/uploads/pr-utkarsh-ispat-6aug25.pdf
Columbia Petro Chem Private Limited,Long Term Bank Facilities,IVR A+ (Reaffirmed),Stable,Rs. 75.00 Cr.,"Aug 05, 2025",https://www.infomerics.com/admin/uploads/pr-Columbia-PetroChem-5aug25.pdf
Columbia Petro Chem Private Limited,Short Term Bank Facilities,IVR A1 (Reaffirmed),Nil,Rs. 610.00 Cr.,"Aug 05, 2025",https://www.infomerics.com/admin/uploads/pr-Columbia-PetroChem-5aug25.pdf
Jakraya Sugar Limited,Long Term Bank Facilities,IVR BBB- (Upgraded),Rating Watch with Developing Implications,Rs. 153.83 Cr. (Enhanced from Rs. 137.74 Crore),"Aug 05, 2025",https://www.infomerics.com/admin/uploads/pr-jakraya-sugar-5aug25.pdf
Jakraya Sugar Limited,Short Term Bank Facilities,IVR A3 (Upgraded),Rating Watch with Developing Implications,Rs. 87.00 Cr. (Enhanced from Rs. 27.00 Crore),"Aug 05, 2025",https://www.infomerics.com/admin/uploads/pr-jakraya-sugar-5aug25.pdf
JMC Paper Tech Private Limited,Long Term Facilities,IVR BB+ (Reaffirmed),Stable,Rs. 18.00 Cr. (reduced from Rs. 21.30 Cr.),"Aug 05, 2025",https://www.infomerics.com/admin/uploads/pr-JMC-Paper-5aug25.pdf
JMC Paper Tech Private Limited,Short Term Facilities,IVR A4+ (Reaffirmed),Nil,Rs. 7.00 Cr. (reduced from Rs. 11.00 Cr.),"Aug 05, 2025",https://www.infomerics.com/admin/uploads/pr-JMC-Paper-5aug25.pdf
Kiranshree Hotels Private Limited,Long Term Bank Facilities,IVR BB+ (Assigned),Stable,Rs. 15.00 Cr. (Includes proposed limits of Rs. 2.00 Crores),"Aug 05, 2025",https://www.infomerics.com/admin/uploads/pr-kiranshree-hotels-5aug25.pdf
Monarch Networth Capital Limited,Short Term Facilities - Commercial Paper Programme,Withdrawn,Nil,-,"Aug 05, 2025",https://www.infomerics.com/admin/uploads/pr-monarch-networth-5aug25.pdf
United Drilling Tools Limited,Long Term Bank Facilities,IVR BBB (Assigned),Stable,Rs. 15.00 Cr.,"Aug 05, 2025",https://www.infomerics.com/admin/uploads/pr-united-drilling-5aug25.pdf
United Drilling Tools Limited,Short Term Bank Facilities,IVR A3+ (Assigned),Nil,Rs. 65.18 Cr.,"Aug 05, 2025",https://www.infomerics.com/admin/uploads/pr-united-drilling-5aug25.pdf
Utkal Builders Limited,Long Term Bank Facilities,IVR BBB (Upgraded),Stable,Rs. 175.18 Cr. (includes proposed facility of Rs. 3.53 Cr.) (enhanced from Rs. 88.18 Cr.),"Aug 05, 2025",https://www.infomerics.com/admin/uploads/pr-utkal-builders-5aug25.pdf
AB Cotspin India Limited,Long Term Bank Facilities,IVR BBB (Reaffirmed),Rating Watch with Developing Implications,Rs. 93.68 Cr.,"Aug 04, 2025",https://www.infomerics.com/admin/uploads/pr-AB-cotspin-4aug25.pdf
AB Cotspin India Limited,Short Term Bank Facilities,IVR A3+ (Reaffirmed),Rating Watch with Developing Implications,Rs. 14.00 Cr.,"Aug 04, 2025",https://www.infomerics.com/admin/uploads/pr-AB-cotspin-4aug25.pdf
Adhunik Energy Solutions Private Limited,Long Term / Short term Bank Facilities,IVR C-/IVR A4; (INC)(Downgraded/Reaffirmed),Negative/-,Rs. 5.00 Cr.,"Aug 04, 2025",https://www.infomerics.com/admin/uploads/pr-adhunik-energy-4aug25.pdf
Chhayalaxmi Milk Planet Private Limited,Long Term Bank Facilities,IVR B+ (Reaffirmed),Stable,Rs. 29.50 Cr.,"Aug 04, 2025",https://www.infomerics.com/admin/uploads/Pr-Chhayalaxmi-Milk-4aug25.pdf
Chhayalaxmi Milk Planet Private Limited,Short Term Bank Facilities,IVR A4 (Reaffirmed),Nil,Rs. 0.48 Cr.,"Aug 04, 2025",https://www.infomerics.com/admin/uploads/Pr-Chhayalaxmi-Milk-4aug25.pdf
Chhayalaxmi Milk Planet Private Limited,Proposed Long Term/ Short Term Bank Facilities,IVR B+/ IVR A4 (Reaffirmed),Stable/-,Rs. 0.02 Cr.,"Aug 04, 2025",https://www.infomerics.com/admin/uploads/Pr-Chhayalaxmi-Milk-4aug25.pdf
D&H Secheron Electrodes Private Limited,Long Term Bank Facility,IVR BBB (Upgraded),Stable,Rs. 36.97 Cr. (enhanced from Rs. 34.50 Cr.),"Aug 04, 2025",https://www.infomerics.com/admin/uploads/pr-DH-secheron-4aug25.pdf
D&H Secheron Electrodes Private Limited,Short Term Bank Facility,IVR A3+ (Upgraded),Nil,Rs. 10.00 Cr.,"Aug 04, 2025",https://www.infomerics.com/admin/uploads/pr-DH-secheron-4aug25.pdf
Defsys Solutions Private Limited,Long Term Bank Facility,IVR BB (Upgraded and Withdrawn),Stable,Rs. 82.50 Cr.,"Aug 04, 2025",https://www.infomerics.com/admin/uploads/pr-defsys-solution-4aug25.pdf
Defsys Solutions Private Limited,Short Term Bank Facility,IVR A4 (Reaffirmed and Withdrawn),Nil,Rs. 2.50 Cr.,"Aug 04, 2025",https://www.infomerics.com/admin/uploads/pr-defsys-solution-4aug25.pdf
Espresso (Originator: Aristo Securities Private Limited),Long Term - Series A1 PTCs,Provisional IVR BBB- (SO)(Assigned),Stable,Rs. 11.86 Cr.,"Aug 04, 2025",https://www.infomerics.com/admin/uploads/pr-espresso-4aug25.pdf
Jalaram Agriexports Limited (Erstwhile Jalaram Agriexports Private Limited),Long Term Bank facilities- Fund Based,IVR BBB- (Reaffirmed),Stable,Rs. 3.82 Cr. (reduced from Rs. 7.22 Cr.),"Aug 04, 2025",https://www.infomerics.com/admin/uploads/Pr-Jalaram-Agriexports-4aug25.pdf
Jalaram Agriexports Limited (Erstwhile Jalaram Agriexports Private Limited),Short Term Bank facilities- Fund Based,IVR A3 (Reaffirmed),Nil,Rs. 86.40 Cr. (enhanced from Rs. 60.00 Cr.),"Aug 04, 2025",https://www.infomerics.com/admin/uploads/Pr-Jalaram-Agriexports-4aug25.pdf
Jalaram Agriexports Limited (Erstwhile Jalaram Agriexports Private Limited),Short Term Bank facilities- Non-Fund based,IVR A3 (Reaffirmed),Nil,Rs. 3.00 Cr. (enhanced from Rs. 2.10 Cr.),"Aug 04, 2025",https://www.infomerics.com/admin/uploads/Pr-Jalaram-Agriexports-4aug25.pdf
Muthalagu Finance Private Limited,Short Term Bank Facilities,IVR D (Reaffirmed)(Withdrawn),Nil,Rs. 49.00 Cr.,"Aug 04, 2025",https://www.infomerics.com/admin/uploads/Pr-Muthalagu-Finance-4aug25.pdf
Muthalagu Finance Private Limited,Proposed Short Term Bank Facilities,Withdrawn,Nil,0.00,"Aug 04, 2025",https://www.infomerics.com/admin/uploads/Pr-Muthalagu-Finance-4aug25.pdf
Rana 07 2025 (Originator: Aristo Securities Private Limited),Long Term - Series A1 PTCs,Provisional IVR BBB+ (SO)(Assigned),Stable,Rs. 15.33 Cr.,"Aug 04, 2025",https://www.infomerics.com/admin/uploads/pr-rana-aristo-4aug25.pdf
Royalcare Super Speciality Hospital Limited,Long Term Bank Facilities,IVR BBB (Upgraded),Stable,Rs. 639.24 Cr. (reduced from Rs. 655.26 Crore),"Aug 04, 2025",https://www.infomerics.com/admin/uploads/pr-royalcare-super-4aug25.pdf
Shonan Engineering Works Private Limited,Long Term Facilities,IVR B (INC)(Downgraded),Negative,Rs. 8.83 Cr.,"Aug 04, 2025",https://www.infomerics.com/admin/uploads/Pr-ShonanEngineering-Works-4aug25.pdf
Shonan Engineering Works Private Limited,Short Term Facilities,IVR A4 (INC)(Reaffirmed),Nil,Rs. 17.00 Cr.,"Aug 04, 2025",https://www.infomerics.com/admin/uploads/Pr-ShonanEngineering-Works-4aug25.pdf
Vikas Metaliks and Energy Limited,Long Term Bank Facilities,IVR BBB- (Reaffirmed),Stable,Rs. 96.50 Cr. (reduced from Rs. 99.80 Cr.),"Aug 04, 2025",https://www.infomerics.com/admin/uploads/pr-vikas-metaliks-4aug25.pdf
Vikas Metaliks and Energy Limited,Short Term Bank Facilities,IVR A3 (Reaffirmed),Nil,Rs. 20.00 Cr.,"Aug 04, 2025",https://www.infomerics.com/admin/uploads/pr-vikas-metaliks-4aug25.pdf
Anand Carbo Limited,Long Term Bank Facilities,IVR BB- (INC)(Downgraded),Negative,Rs. 19.00 Cr.,"Aug 01, 2025",https://www.infomerics.com/admin/uploads/Pr-Anand-Carbo-1aug25.pdf
Anand Carbo Limited,Short Term Bank Facilities,IVR A4 (INC)(Reaffirmed),Nil,Rs. 47.00 Cr.,"Aug 01, 2025",https://www.infomerics.com/admin/uploads/Pr-Anand-Carbo-1aug25.pdf
Anand Carbo Limited,Long Term/ Short Term Bank Facilities,IVR BB-/ IVR A4 (INC) (Downgraded/Reaffirmed),Negative/-,Rs. 11.00 Cr.,"Aug 01, 2025",https://www.infomerics.com/admin/uploads/Pr-Anand-Carbo-1aug25.pdf
Ashirvad Food Products Private Limited,Long Term Bank Facilities,IVR C+ (INC)(Downgraded),Negative,Rs. 20.64 Cr.,"Aug 01, 2025",https://www.infomerics.com/admin/uploads/Pr-Ashirvad-Food-1aug25.pdf
Ashirvad Food Products Private Limited,Short Term Bank Facilities,IVR A4 (INC)(Reaffirmed),Nil,Rs. 7.36 Cr.,"Aug 01, 2025",https://www.infomerics.com/admin/uploads/Pr-Ashirvad-Food-1aug25.pdf
Balajee Loha Private Limited,Long Term Bank Facilities,IVR BBB+ (Assigned),Stable,Rs. 35.00 Cr.,"Aug 01, 2025",https://www.infomerics.com/admin/uploads/pr-Balajee-Loha-1aug25.pdf
Balajee Structural (India) Private Limited,Long Term Bank Facilities,IVR BBB+ (Assigned),Stable,Rs. 40.00 Cr.,"Aug 01, 2025",https://www.infomerics.com/admin/uploads/pr-balajee-structural-1aug25.pdf
Chemi Enterprises LLP,Long Term Bank Facilities,IVR BB (INC)(Downgraded),Negative,Rs. 24.00 Cr.,"Aug 01, 2025",https://www.infomerics.com/admin/uploads/Pr-Chemi-Enterprises-1aug25.pdf
Chemi Enterprises LLP,Long/ Short Term Bank Facilities,IVR BB/ IVR A4 (INC)(Downgraded),Negative/-,Rs. 26.00 Cr.,"Aug 01, 2025",https://www.infomerics.com/admin/uploads/Pr-Chemi-Enterprises-1aug25.pdf
Core Jewellery Private Limited,Long term/ Short Term Bank Facilities,IVR BBB-/IVR A3 (Upgraded),Stable/-,Rs. 97.50 Cr. (Enhanced from Rs.75.00 Crore),"Aug 01, 2025",https://www.infomerics.com/admin/uploads/Pr-Core-Jewellery-1aug25.pdf
Core Jewellery Private Limited,Short term Bank Facilities,IVR A3 (Upgraded),Nil,Rs. 3.00 Cr.,"Aug 01, 2025",https://www.infomerics.com/admin/uploads/Pr-Core-Jewellery-1aug25.pdf
Dasha Pharmaceuticals Private Limited,Long Term Bank Facilities - Term Loan,IVR BB (Upgraded),Stable,Rs. 28.58 Cr. (reduced from Rs. 28.60 Cr.),"Aug 01, 2025",https://www.infomerics.com/admin/uploads/Pr-Dasha-Pharmaceuticals-1aug25.pdf
Dasha Pharmaceuticals Private Limited,Long Term Bank Facilities - Cash Credit,IVR BB (Upgraded),Stable,Rs. 3.00 Cr.,"Aug 01, 2025",https://www.infomerics.com/admin/uploads/Pr-Dasha-Pharmaceuticals-1aug25.pdf
Mother India Agrofoods Private Limited,Long Term Bank Facilities,IVR BB- (INC)(Downgraded),Negative,Rs. 48.90 Cr.,"Aug 01, 2025",https://www.infomerics.com/admin/uploads/pr-mother-india-1aug25.pdf
Niros Exports & Trading Private Limited,Long Term Bank Facilities,IVR BBB- (Assigned),Stable,Rs. 65.00 Cr.,"Aug 01, 2025",https://www.infomerics.com/admin/uploads/Pr-Niros-Exports-Trading-1aug25.pdf
Niros Exports & Trading Private Limited,Short Term Bank Facilities,IVR A3 (Assigned),Nil,Rs. 15.00 Cr.,"Aug 01, 2025",https://www.infomerics.com/admin/uploads/Pr-Niros-Exports-Trading-1aug25.pdf
Om Shweta Food & Feed Private Limited,Long Term Bank Facilities,IVR BB- (Assigned),Stable,Rs. 29.36 Cr.,"Aug 01, 2025",https://www.infomerics.com/admin/uploads/pr-OmShweta-food-1aug25.pdf
PCK Cotton Private Limited,Long Term Bank Facilities,IVR B (INC)(Downgraded),Negative,Rs. 31.98 Cr.,"Aug 01, 2025",https://www.infomerics.com/admin/uploads/pr-PCK-Cotton-1aug25.pdf
PCK Cotton Private Limited,Short Term Bank Facilities,IVR A4 (INC)(Reaffirmed),Nil,Rs. 0.10 Cr.,"Aug 01, 2025",https://www.infomerics.com/admin/uploads/pr-PCK-Cotton-1aug25.pdf
PCK Cotton Private Limited,Long/Short Term Bank Facilities,IVR B/IVR A4; (INC)(Downgraded),Negative/-,Rs. 5.00 Cr.,"Aug 01, 2025",https://www.infomerics.com/admin/uploads/pr-PCK-Cotton-1aug25.pdf
PCK Cotton Private Limited,Proposed Short Term Bank Facilities,IVR A4 (INC)(Reaffirmed),Nil,Rs. 2.92 Cr.,"Aug 01, 2025",https://www.infomerics.com/admin/uploads/pr-PCK-Cotton-1aug25.pdf
Shinde Developers Private Limited,Long term Bank Facilities,IVR BBB- (Upgraded),Stable,Rs. 45.00 Cr.,"Aug 01, 2025",https://www.infomerics.com/admin/uploads/Pr-ShindeDevelopers-1aug25.pdf
Shinde Developers Private Limited,Short term Bank Facilities,IVR A3 (Upgraded),Nil,Rs. 73.26 Cr. (Reduced from Rs. 95.00 crore),"Aug 01, 2025",https://www.infomerics.com/admin/uploads/Pr-ShindeDevelopers-1aug25.pdf
SHM Shipcare Private Limited,Long Term Bank Facilities,IVR BBB+ (Upgraded),Stable,Rs. 124.41 Cr. (Enhanced from Rs. 88.00 Crore),"Aug 01, 2025",https://www.infomerics.com/admin/uploads/pr-SHM-Shipcare-1aug25.pdf
SHM Shipcare Private Limited,Short Term Bank Facilities,IVR A2 (Upgraded),Nil,Rs. 100.00 Cr.,"Aug 01, 2025",https://www.infomerics.com/admin/uploads/pr-SHM-Shipcare-1aug25.pdf
Shree Hanuman Loha Private Limited,Long Term Bank Facilities,IVR BBB+ (Assigned),Stable,Rs. 35.00 Cr.,"Aug 01, 2025",https://www.infomerics.com/admin/uploads/Pr-Shree-Hanuman-1aug25.pdf
Shree TNB Polymer Limited,Long Term Bank Facilities,IVR BBB- (Assigned),Stable,Rs. 49.99 Cr.,"Aug 01, 2025",https://www.infomerics.com/admin/uploads/Pr-Shree-TNB-Polymer-1aug25.pdf
Shree TNB Polymer Limited,Short Term Bank Facilities,IVR A3 (Assigned),Nil,Rs. 14.40 Cr.,"Aug 01, 2025",https://www.infomerics.com/admin/uploads/Pr-Shree-TNB-Polymer-1aug25.pdf
Shreegopal Govind Sponge Private Limited,Long Term Bank Facilities,IVR BB (INC)(Downgraded),Negative,Rs. 14.96 Cr.,"Aug 01, 2025",https://www.infomerics.com/admin/uploads/pr-shreegopal-govind-1aug25.pdf
Shreegopal Govind Sponge Private Limited,Short Term Bank Facilities,IVR A4 (INC)(Downgraded),Nil,Rs. 10.35 Cr.,"Aug 01, 2025",https://www.infomerics.com/admin/uploads/pr-shreegopal-govind-1aug25.pdf
Yash Resources Recycling Limited (Erstwhile Yash Pigments Limited),Long Term Facilities,IVR A- (Upgraded),Stable,Rs. 401.38 Crr. (Enhanced from Rs. 371.28 Crore),"Aug 01, 2025",https://www.infomerics.com/admin/uploads/pr-yash-resources-1aug25.pdf
Yash Resources Recycling Limited (Erstwhile Yash Pigments Limited),Short Term Facilities,IVR A2+ (Upgraded),Nil,Rs. 140.00 Cr. (Enhanced from Rs. 45.00 Crore),"Aug 01, 2025",https://www.infomerics.com/admin/uploads/pr-yash-resources-1aug25.pdf
Valiant Glass Works Private Limited,Long term Bank Facilities,IVR BBB- (Reaffirmed),Stable,Rs. 42.68 Cr. (Enhanced from Rs. 31.46 crore),"Jul 31, 2025",https://www.infomerics.com/admin/uploads/Pr-ValiantGlass-Works-31july25.pdf
Valiant Glass Works Private Limited,Short term Bank Facilities,IVR A3 (Reaffirmed),Nil,Rs. 84.00 Cr. (Enhanced from Rs. 77.40 Crore),"Jul 31, 2025",https://www.infomerics.com/admin/uploads/Pr-ValiantGlass-Works-31july25.pdf
Valiant Glass Works Private Limited,Proposed Long Term Bank Facilities,IVR BBB- (Reaffirmed),Stable,Rs. 3.89 Cr. (Reduced from Rs. 6.71 crore),"Jul 31, 2025",https://www.infomerics.com/admin/uploads/Pr-ValiantGlass-Works-31july25.pdf
Balaji Rice Industries Private Limited,Long Term Bank Facilities,IVR BBB (Assigned),Stable,Rs. 220.00 Cr.,"Jul 31, 2025",https://www.infomerics.com/admin/uploads/Pr-Balaji-Rice-Industries-31july25.pdf
Balaji Rice Industries Private Limited,Short Term Bank Facility,IVR A3+ (Assigned),Nil,Rs. 24.00 Cr.,"Jul 31, 2025",https://www.infomerics.com/admin/uploads/Pr-Balaji-Rice-Industries-31july25.pdf
Goodwill Advance Construction Company Private Limited,Long Term Bank Facilities,IVR BBB- (INC)(Downgraded),Negative,Rs. 26.61 Cr.,"Jul 31, 2025",https://www.infomerics.com/admin/uploads/pr-goodwill-advance-31july25.pdf
Goodwill Advance Construction Company Private Limited,Short Term Bank Facilities,IVR A3 (INC)(Downgraded),Nil,Rs. 40.00 Cr.,"Jul 31, 2025",https://www.infomerics.com/admin/uploads/pr-goodwill-advance-31july25.pdf
K G Spirits LLP,Long-term Bank Facilities,IVR BBB- (Reaffirmed),Stable,Rs. 250.00 Cr. (enhanced from Rs. 243.80 Cr.) (including proposed limit of Rs. 26.00 Cr.),"Jul 31, 2025",https://www.infomerics.com/admin/uploads/Pr-KG-Spirits-31july25.pdf
K G Spirits LLP,Short-term Bank Facilities,IVR A3 (Reaffirmed),Nil,Rs. 14.00 Cr. (enhanced from Rs. 10.20 Cr.) (including proposed limit of Rs. 3.80 Cr.),"Jul 31, 2025",https://www.infomerics.com/admin/uploads/Pr-KG-Spirits-31july25.pdf
Khyati Ispat Private Limited,Long Term Bank Facilities,IVR BBB (Reaffirmed),Stable,Rs. 98.24 Cr. (Enhanced from Rs. 95.70 Cr.),"Jul 31, 2025",https://www.infomerics.com/admin/uploads/Pr-Khyati-Ispat-31july25.pdf
Khyati Ispat Private Limited,Short Term Bank Facilities,IVR A3+ (Reaffirmed),Nil,Rs. 33.00 Cr.,"Jul 31, 2025",https://www.infomerics.com/admin/uploads/Pr-Khyati-Ispat-31july25.pdf
Kisan Oleochem & Derivatives Private Limited,Long-term Bank Facilities,IVR BB+ (Reaffirmed),Stable,Rs. 9.06 Cr. (reduced from Rs. 15.61 Cr.),"Jul 31, 2025",https://www.infomerics.com/admin/uploads/Pr-Kisan-OleochemDerivatives-31july25.pdf
Kisan Oleochem & Derivatives Private Limited,Long-term/ Short-term Bank Facilities,IVR BB+/ IVR A4+ (Reaffirmed),Stable/-,Rs. 34.00Cr.,"Jul 31, 2025",https://www.infomerics.com/admin/uploads/Pr-Kisan-OleochemDerivatives-31july25.pdf
Kisan Oleochem & Derivatives Private Limited,Short-term Bank Facilities,IVR A4+ (Reaffirmed),Nil,Rs. 6.00 Cr.,"Jul 31, 2025",https://www.infomerics.com/admin/uploads/Pr-Kisan-OleochemDerivatives-31july25.pdf
Ku Koo Ch Ku Poultry Farm Private Limited,Long Term Bank Facilities,IVR B (Reaffirmed and Withdrawn),Stable,Rs. 18.89 Cr. (Reduced from Rs. 21.34 Crore),"Jul 31, 2025",https://www.infomerics.com/admin/uploads/pr-KKCKPFPL-31july25.pdf
Modern Prefab Systems Private Limited,Long Term Bank Facilities,IVR BB+ (Assigned),Stable,Rs. 51.00 Cr.,"Jul 31, 2025",https://www.infomerics.com/admin/uploads/Pr-Modern-Prefab-31july25.pdf
Modern Prefab Systems Private Limited,Short Term Bank Facilities,IVR A4+ (Assigned),Nil,Rs. 30.00 Cr.,"Jul 31, 2025",https://www.infomerics.com/admin/uploads/Pr-Modern-Prefab-31july25.pdf
Rean Watertech Private Limited,Long Term Facilities,IVR BBB (Upgraded) (Withdrawn),Stable,Rs. 46.15 Cr.,"Jul 31, 2025",https://www.infomerics.com/admin/uploads/Pr-Rean-Watertech-31july25.pdf
Rean Watertech Private Limited,Long Term / Short Term Facilities,IVR BBB/ IVR A3+ (Upgraded)(Withdrawn),Stable/-,Rs. 5.85 Cr.,"Jul 31, 2025",https://www.infomerics.com/admin/uploads/Pr-Rean-Watertech-31july25.pdf
Shailputri Iron and Steels Private Limited,Long Term Bank Facilities,IVR BBB- (Assigned),Stable,Rs. 72.00 Cr. (Includes proposed limits of Rs. 60.00 crores),"Jul 31, 2025",https://www.infomerics.com/admin/uploads/Pr-Shailputri-Iron-31july25.pdf
Shailputri Iron and Steels Private Limited,Short Term Bank Facilities,IVR A3 (Assigned),Nil,Rs. 15.00 Cr. (Includes proposed limits of Rs. 15.00 crores),"Jul 31, 2025",https://www.infomerics.com/admin/uploads/Pr-Shailputri-Iron-31july25.pdf
Sri Chamundeswari Sugars Limited,Long Term Facilities,IVR BB- (INC)(Downgraded),Negative,Rs. 4.50 Cr.,"Jul 31, 2025",https://www.infomerics.com/admin/uploads/pr-sri-chamundeswari-31jul25.pdf
Starline Cars Private Limited,Long Term Facilities,IVR BBB- (Assigned),Stable,Rs. 75.00 Cr.,"Jul 31, 2025",https://www.infomerics.com/admin/uploads/Pr-Starline-Cars-31july25.pdf
Trust Investment Advisors Private Limited,Non-Convertible Debentures (NCDs),IVR AA (Reaffirmed),Stable,Rs. 790.00 Cr. (Enhanced from Rs. 725.00 Crore),"Jul 31, 2025",https://www.infomerics.com/admin/uploads/pr-Trust-Investment-31july25.pdf
Trust Investment Advisors Private Limited,Proposed Non-Convertible Debentures (NCDs),IVR AA (Reaffirmed),Stable,Rs. 35.00 Cr. (Reduced from Rs. 100.00 Crore),"Jul 31, 2025",https://www.infomerics.com/admin/uploads/pr-Trust-Investment-31july25.pdf
Trust Investment Advisors Private Limited,Proposed Non-Convertible Debentures (NCDs),IVR AA (Assigned),Stable,Rs. 200.00 Cr.,"Jul 31, 2025",https://www.infomerics.com/admin/uploads/pr-Trust-Investment-31july25.pdf
Trust Investment Advisors Private Limited,Commercial Paper (CP),IVR A1+ (Reaffirmed),Nil,Rs. 500.00 Cr.,"Jul 31, 2025",https://www.infomerics.com/admin/uploads/pr-Trust-Investment-31july25.pdf
Trust Investment Advisors Private Limited,Commercial Paper (CP),IVR A1+ (Reaffirmed),Nil,Rs. 150.00 Cr.,"Jul 31, 2025",https://www.infomerics.com/admin/uploads/pr-Trust-Investment-31july25.pdf
Vee Aar Life Spaces LLP,Long Term Bank Facilities - Term Loan,IVR BBB- (Reaffirmed),Negative,Rs. 52.64 Cr. (Reduced from Rs. 77.00 Crore),"Jul 31, 2025",https://www.infomerics.com/admin/uploads/pr-VeeAar-Lifesapce-31july25.pdf
Ankur Biochem Private Limited,Long Term Bank Facilities,IVR BBB- (INC)(Downgraded),Negative,Rs. 413.08 Cr.,"Jul 30, 2025",https://www.infomerics.com/admin/uploads/Pr-Ankur-Biochem-30july25.pdf
Ankur Biochem Private Limited,Long Term/ Short Term Bank Facilities,IVR BBB-/ IVR A3 (INC)(Downgraded),Negative/-,Rs. 30.00 Cr.,"Jul 30, 2025",https://www.infomerics.com/admin/uploads/Pr-Ankur-Biochem-30july25.pdf
Baba Structural Private Limited,Long Term Bank Facilities,IVR BBB- (Reaffirmed),Stable,Rs. 50.30 Cr. (Enhanced from Rs. 49.98 crore),"Jul 30, 2025",https://www.infomerics.com/admin/uploads/Pr-Baba-Structural-30july25.pdf
Baba Structural Private Limited,Short Term Bank Facility,IVR A3 (Reaffirmed),Nil,Rs. 2.70 Cr.,"Jul 30, 2025",https://www.infomerics.com/admin/uploads/Pr-Baba-Structural-30july25.pdf
Baba Structural Private Limited,Long Term Bank Facilities- Term Loans/ GECL/ WCDL,Withdrawn,Nil,-,"Jul 30, 2025",https://www.infomerics.com/admin/uploads/Pr-Baba-Structural-30july25.pdf
Impact Infotech Private Limited,Short Term Bank Facilities,IVR A4 (Reaffirmed),Nil,Rs. 20.00 Cr. (includes proposed facility of Rs 3.73 Cr),"Jul 30, 2025",https://www.infomerics.com/admin/uploads/Pr-Impact-Infotech-30july25.pdf
Ishwar Ispat Industries Private Limited,Long Term Bank Facilities,IVR BB- (INC)(Downgraded),Negative,Rs. 38.35 Cr.,"Jul 30, 2025",https://www.infomerics.com/admin/uploads/pr-Ishwar-Ispat-30july25.pdf
Jai Raj Ispat Limited,Long term Bank Facilities - Term loans,IVR A- (Reaffirmed),Stable,Rs. 1000.00 Cr.,"Jul 30, 2025",https://www.infomerics.com/admin/uploads/Pr-Jai-Raj-Ispat-30july25.pdf
Jai Raj Ispat Limited,Long Term Bank Facilities - Cash Credit,IVR A- (Reaffirmed),Stable,Rs. 375.00 Cr.,"Jul 30, 2025",https://www.infomerics.com/admin/uploads/Pr-Jai-Raj-Ispat-30july25.pdf
Jai Raj Ispat Limited,Short term Bank Facilities,IVR A2+ (Reaffirmed),Nil,Rs. 10.17 Cr.,"Jul 30, 2025",https://www.infomerics.com/admin/uploads/Pr-Jai-Raj-Ispat-30july25.pdf
Jai Raj Ispat Limited,Proposed Long Term Bank Facilities-Term loan,IVR A- (Reaffirmed),Stable,Rs. 92.00 Cr.,"Jul 30, 2025",https://www.infomerics.com/admin/uploads/Pr-Jai-Raj-Ispat-30july25.pdf
Jai Raj Ispat Limited,Proposed Long Term Bank Facilities-Cash Credit,IVR A- (Reaffirmed),Stable,Rs. 18.00 Cr.,"Jul 30, 2025",https://www.infomerics.com/admin/uploads/Pr-Jai-Raj-Ispat-30july25.pdf
Jai Raj Ispat Limited,Non-convertible debenture,IVR A- (Reaffirmed),Stable,Rs. 65.00 Cr.,"Jul 30, 2025",https://www.infomerics.com/admin/uploads/Pr-Jai-Raj-Ispat-30july25.pdf
Jai Raj Ispat Limited,Proposed non-convertible debenture,IVR A- (Reaffirmed),Stable,Rs. 35.00 Cr.,"Jul 30, 2025",https://www.infomerics.com/admin/uploads/Pr-Jai-Raj-Ispat-30july25.pdf
Mangalam Global Enterprise Limited,Long Term Facilities,IVR BBB (Reaffirmed),Positive,Rs. 188.45 Cr. (Increased from Rs. 184.16 crore),"Jul 30, 2025",https://www.infomerics.com/admin/uploads/Pr-Mangalam-Global-30july25.pdf
Mangalam Global Enterprise Limited,Short Term Facilities,IVR A3+ (Reaffirmed),Nil,Rs. 60.00 Cr. (Increased from Rs. 7.00 crore),"Jul 30, 2025",https://www.infomerics.com/admin/uploads/Pr-Mangalam-Global-30july25.pdf
Martco Exports Private Limited,Long Term Bank Facilities,IVR BB+ (Assigned),Stable,Rs. 66.41 Cr.,"Jul 30, 2025",https://www.infomerics.com/admin/uploads/pr-martco-exports-30july25.pdf
Martco Exports Private Limited,Short Term Bank Facilities,IVR A4+ (Assigned),Nil,Rs. 1.50 Cr.,"Jul 30, 2025",https://www.infomerics.com/admin/uploads/pr-martco-exports-30july25.pdf
Multi Infratech Private Limited,Long Term Bank Facilities,IVR BBB- (Reaffirmed),Stable,Rs. 10.00 Cr.,"Jul 30, 2025",https://www.infomerics.com/admin/uploads/pr-multi-infratech-30july25.pdf
Multi Infratech Private Limited,Short Term Bank Facilities,IVR A3 (Reaffirmed),Nil,Rs. 20.00 Cr.,"Jul 30, 2025",https://www.infomerics.com/admin/uploads/pr-multi-infratech-30july25.pdf
Nilachal Iron & Power Limited,Long Term Bank Facilities,IVR BB (INC)(Downgraded),Negative,Rs. 154.38 Cr.,"Jul 30, 2025",https://www.infomerics.com/admin/uploads/pr-nilachal-iron-30july25.pdf
Nilachal Iron & Power Limited,Short Term Bank Facilities,IVR A4 (INC)(Downgraded),Nil,Rs. 65.00 Cr.,"Jul 30, 2025",https://www.infomerics.com/admin/uploads/pr-nilachal-iron-30july25.pdf
Polaris Liquor Private Limited,Long Term Bank Facilities,IVR BB (INC)(Downgraded),Negative,Rs. 61.00 Cr.,"Jul 30, 2025",https://www.infomerics.com/admin/uploads/pr-polaris-liquor-30july25.pdf
Prasad and Company (Project Works) Private Limited,Long Term Bank Facilities,IVR BBB-,Rating Watch with Negative Implications,Rs. 35.00 Cr.,"Jul 30, 2025",https://www.infomerics.com/admin/uploads/Pr-PCPWPL-30july25.pdf
Prasad and Company (Project Works) Private Limited,Short Term Bank Facilities,IVR A3,Rating Watch with Negative Implications,Rs. 253.00 Cr.,"Jul 30, 2025",https://www.infomerics.com/admin/uploads/Pr-PCPWPL-30july25.pdf
Rathi Industrial Corporation Private Limited,Long Term Bank Facility,IVR BB- (INC)(Downgraded),Negative,Rs. 46.71 Cr.,"Jul 30, 2025",https://www.infomerics.com/admin/uploads/pr-rathi-industrial-30july25.pdf
Rathi Industrial Corporation Private Limited,Long Term/ Short Term Bank Facilities,IVR BB-/IVR A4; (INC)(Downgraded),Negative/-,Rs. 6.00 Cr.,"Jul 30, 2025",https://www.infomerics.com/admin/uploads/pr-rathi-industrial-30july25.pdf
Sindhu Cargo Services Private Limited,Long Term Bank Facility,IVR D (INC)(Reaffirmed),Nil,Rs. 45.95 Cr.,"Jul 30, 2025",https://www.infomerics.com/admin/uploads/pr-sindhu-cargo-30july25.pdf
Sindhu Cargo Services Private Limited,Short Term Bank Facility,IVR D (INC)(Reaffirmed),Nil,Rs. 2.00 Cr.,"Jul 30, 2025",https://www.infomerics.com/admin/uploads/pr-sindhu-cargo-30july25.pdf
United Polyfab Gujarat Limited,Long Term Bank Facilities,IVR BBB (Upgraded),Stable,Rs. 85.59 Cr. (reduced from Rs. 105.36 Cr.),"Jul 30, 2025",https://www.infomerics.com/admin/uploads/pr-united-polyfab-30july25.pdf
United Polyfab Gujarat Limited,Short Term Bank Facilities,IVR A3+ (Upgraded),Nil,Rs. 4.50 Cr.,"Jul 30, 2025",https://www.infomerics.com/admin/uploads/pr-united-polyfab-30july25.pdf
Vishal Papertech India Limited,Long Term Bank Facilities,IVR BB+ (INC)(Downgraded),Negative,Rs. 60.52 Cr.,"Jul 30, 2025",https://www.infomerics.com/admin/uploads/pr-vishal-papertech-30july25.pdf
Vishal Papertech India Limited,Short Term Bank Facilities,IVR A4+ (INC)(Downgraded),Nil,Rs. 4.00 Cr.,"Jul 30, 2025",https://www.infomerics.com/admin/uploads/pr-vishal-papertech-30july25.pdf
Yadu Sugar Limited,Long Term Bank Facilities,IVR D (INC)(Reaffirmed),Nil,Rs. 90.00 Cr.,"Jul 30, 2025",https://www.infomerics.com/admin/uploads/pr-Yadu-Sugar-30july25.pdf
Zeal Aqua Limited,Long Term Facilities,IVR BBB- (Assigned),Positive,Rs. 168.23 Cr.,"Jul 30, 2025",https://www.infomerics.com/admin/uploads/Pr-Zeal-Aqua-30july25.pdf
Zeal Aqua Limited,Short Term Facilities,IVR A3 (Assigned),Nil,Rs. 31.77 Cr.,"Jul 30, 2025",https://www.infomerics.com/admin/uploads/Pr-Zeal-Aqua-30july25.pdf
Aditya Autocare Private Limited,Long Term Bank Facilities,IVR BB+ (Assigned),Stable,Rs. 52.40 Cr.,"Jul 29, 2025",https://www.infomerics.com/admin/uploads/Pr-Aditya-Autocare-29july25.pdf
Amir Chand Jagdish Kumar (Exports) Limited,Long Term Bank Facilities,IVR A (Reaffirmed),Positive,Rs. 120.00 Cr.,"Jul 29, 2025",https://www.infomerics.com/admin/uploads/pr-amirchand-29july25.pdf
Amir Chand Jagdish Kumar (Exports) Limited,Short Term Bank Facilities,IVR A1 (Reaffirmed),Nil,Rs. 795.00 Cr.,"Jul 29, 2025",https://www.infomerics.com/admin/uploads/pr-amirchand-29july25.pdf
ARS Steels and Alloy International Private Limited,Long Term Bank Facilities,IVR BBB (Reaffirmed),Stable,Rs. 29.00 Cr.,"Jul 29, 2025",https://www.infomerics.com/admin/uploads/Pr-ARS-Steels-Alloy-29july25.pdf
ARS Steels and Alloy International Private Limited,Short Term Bank Facilities,IVR A3+ (Reaffirmed),Nil,Rs. 53.00 Cr.,"Jul 29, 2025",https://www.infomerics.com/admin/uploads/Pr-ARS-Steels-Alloy-29july25.pdf
Bharatpur Electricity Services Limited,Long Term Bank Facilities,IVR A- (Upgraded),Stable,Rs. 52.50 Cr.,"Jul 29, 2025",https://www.infomerics.com/admin/uploads/pr-Bharatpur-Electricity-29july25.pdf
Bharatpur Electricity Services Limited,Short Term Bank Facilities,IVR A2+ (Upgraded),Nil,Rs. 45.00 Cr.,"Jul 29, 2025",https://www.infomerics.com/admin/uploads/pr-Bharatpur-Electricity-29july25.pdf
Bikaner Electricity Supply Limited,Long Term Bank Facilities,IVR A- (Upgraded),Stable,Rs. 155.00 Cr.,"Jul 29, 2025",https://www.infomerics.com/admin/uploads/pr-Bikaner-Electricity-29july25.pdf
Bikaner Electricity Supply Limited,Short Term Bank Facilities,IVR A2+ (Upgraded),Nil,Rs. 75.00 Cr.,"Jul 29, 2025",https://www.infomerics.com/admin/uploads/pr-Bikaner-Electricity-29july25.pdf
Celebrity Breweries Private Limited,Long Term Bank Facilities,IVR BB- (INC)(Downgraded),Negative,Rs. 98.80 Cr.,"Jul 29, 2025",https://www.infomerics.com/admin/uploads/pr-celebrity-breweries-29july25.pdf
Celebrity Breweries Private Limited,Short Term Bank Facilities,IVR A4 (INC)(Reaffirmed),Nil,Rs. 1.20 Cr.,"Jul 29, 2025",https://www.infomerics.com/admin/uploads/pr-celebrity-breweries-29july25.pdf
Cuttack Agrivet Private Limited,Long-term Bank Facilities,IVR BBB- (Assigned),Stable,Rs. 146.67 Cr.,"Jul 29, 2025",https://www.infomerics.com/admin/uploads/Pr-Cuttack-Agrivet-29july25.pdf
Cuttack Agrivet Private Limited,Short-term Bank Facilities,IVR A3 (Assigned),Nil,Rs. 6.00 Cr.,"Jul 29, 2025",https://www.infomerics.com/admin/uploads/Pr-Cuttack-Agrivet-29july25.pdf
Edizel Biofuels Private Limited,Long Term Bank Facilities,IVR BBB- (Reaffirmed),Stable,Rs. 125.17 Cr. (Reduced from Rs. 127.84 Crore),"Jul 29, 2025",https://www.infomerics.com/admin/uploads/pr-Edizel-Biofuels-29july25.pdf
Edizel Biofuels Private Limited,Short Term Bank Facilities,IVR A3 (Reaffirmed),Nil,Rs. 10.00 Cr. (Enhanced from Rs. 1.00 crore),"Jul 29, 2025",https://www.infomerics.com/admin/uploads/pr-Edizel-Biofuels-29july25.pdf
Euro India Fresh Foods Limited,Long Term Bank Facilities,IVR BB+ (Assigned),Stable,Rs. 44.70 Cr. (including proposed limit of Rs. 7.77 Cr.),"Jul 29, 2025",https://www.infomerics.com/admin/uploads/pr-EuroIndia-FreshFoods-29july25.pdf
Euro India Fresh Foods Limited,Short Term Bank Facility,IVR A4+ (Assigned),Nil,Rs. 0.30 Cr.,"Jul 29, 2025",https://www.infomerics.com/admin/uploads/pr-EuroIndia-FreshFoods-29july25.pdf
GMR Chennai Outer Ring Road Private Limited,Long Term Bank Facilities,IVR BBB- (Reaffirmed),Stable,Rs. 425.71 Cr. (reduced form Rs 480.88 crore),"Jul 29, 2025",https://www.infomerics.com/admin/uploads/Pr-GMR-Chennai-Outer-29july25.pdf
HLBS Tech Private Limited,Long Term Bank Facilities,IVR BB+ (Reaffirmed),Positive,Rs. 40.10 Cr. (reduced from Rs. 41.48 crore),"Jul 29, 2025",https://www.infomerics.com/admin/uploads/pr-HLBS-Tech-29july25.pdf
HLBS Tech Private Limited,Short Term Bank Facilities,IVR A4+ (Reaffirmed),Nil,Rs. 8.00 Cr.,"Jul 29, 2025",https://www.infomerics.com/admin/uploads/pr-HLBS-Tech-29july25.pdf
HLBS Tech Private Limited,Proposed Long Term/ Short Term bank facilities,IVR BB+/IVR A4+; (Reaffirmed),Positive/-,Rs. 0.52 Cr.,"Jul 29, 2025",https://www.infomerics.com/admin/uploads/pr-HLBS-Tech-29july25.pdf
Inkel EKK Roads Private Limited,Long Term Bank facilities,IVR BBB- (Reaffirmed),Stable,Rs. 93.26 Cr. (Reduced from Rs. 108.46 crore),"Jul 29, 2025",https://www.infomerics.com/admin/uploads/Pr-Inkel-Ekk-Roads-29july25.pdf
Jaika Automobiles & Finance Private Limited,Long Term Bank Facilities,IVR B+ (INC) (Downgraded),Negative,Rs. 74.28 Cr.,"Jul 29, 2025",https://www.infomerics.com/admin/uploads/Pr-Jaika-Automobile-29july25.pdf
Jaika Automobiles & Finance Private Limited,Short Term Bank Facilities,IVR A4 (INC)(Downgraded),Nil,Rs. 53.75 Cr.,"Jul 29, 2025",https://www.infomerics.com/admin/uploads/Pr-Jaika-Automobile-29july25.pdf
Jodas Expoim Private Limited,Long term/Short Term Bank Facilities,IVR BBB/IVR A3+; (Reaffirmed),Stable/-,Rs. 75.00 Cr. (Enhanced from Rs. 74.00 Cr.),"Jul 29, 2025",https://www.infomerics.com/admin/uploads/pr-Jodas-Expoim-29july25.pdf
Jodas Expoim Private Limited,Long term/Short Term Bank Facilities,Withdrawn,Nil,0.00 (reduced from Rs. 49.00 Cr.),"Jul 29, 2025",https://www.infomerics.com/admin/uploads/pr-Jodas-Expoim-29july25.pdf
Jodas Expoim Private Limited,Long Term Bank Facilities,IVR BBB (Reaffirmed and Withdrawn),Stable,0.00 (reduced from Rs. 1.00 Cr.),"Jul 29, 2025",https://www.infomerics.com/admin/uploads/pr-Jodas-Expoim-29july25.pdf
Jodas Expoim Private Limited,Long Term Bank Facilities - Proposed,IVR BBB (Reaffirmed),Stable,Rs. 25.00 Cr.,"Jul 29, 2025",https://www.infomerics.com/admin/uploads/pr-Jodas-Expoim-29july25.pdf
Kota Electricity Distribution Limited,Long Term Bank Facilities,IVR BBB+ (Reaffirmed),Stable,Rs. 276.76 Cr. (reduced from Rs. 290.29 Crore),"Jul 29, 2025",https://www.infomerics.com/admin/uploads/pr-Kota-Electricity-29july25.pdf
Kota Electricity Distribution Limited,Short Term Bank Facilities,IVR A2 (Reaffirmed),Nil,Rs. 170.00 Cr.,"Jul 29, 2025",https://www.infomerics.com/admin/uploads/pr-Kota-Electricity-29july25.pdf
Kumbhalgarh Yatri Niwas Private Limited,Long Term Bank Facilities,IVR BB (Assigned),Stable,Rs. 40.73 Cr.,"Jul 29, 2025",https://www.infomerics.com/admin/uploads/pr-kumbhalgarh-29july25.pdf
Kumbhalgarh Yatri Niwas Private Limited,Short Term Bank Facilities,IVR A4 (Assigned),Nil,Rs. 5.14 Cr.,"Jul 29, 2025",https://www.infomerics.com/admin/uploads/pr-kumbhalgarh-29july25.pdf
Letoza Granito LLP,Long Term Bank Facilities,IVR B- (INC)(Downgraded),Negative,Rs. 62.00 Cr.,"Jul 29, 2025",https://www.infomerics.com/admin/uploads/pr-Letoza-Granito-29july25.pdf
Letoza Granito LLP,Short Term Bank Facility,IVR A4 (INC)(Reaffirmed),Nil,Rs. 4.00 Cr.,"Jul 29, 2025",https://www.infomerics.com/admin/uploads/pr-Letoza-Granito-29july25.pdf
Letoza Granito LLP,Long/Short Term Bank Facility,IVR B-/IVR A4; (INC)(Downgraded/Reaffirmed),Negative/-,Rs. 1.00 Cr.,"Jul 29, 2025",https://www.infomerics.com/admin/uploads/pr-Letoza-Granito-29july25.pdf
Mahalaxmi Polypack Private Limited,Long Term Facilities,IVR BB+ (INC)(Reaffirmed),Negative,Rs. 64.03 Cr.,"Jul 29, 2025",https://www.infomerics.com/admin/uploads/pr-Mahalaxmi-Polypack-29july25.pdf
Mahalaxmi Polypack Private Limited,Short Term Facilities,IVR A4+ (INC)(Reaffirmed),Nil,Rs. 10.00 Cr.,"Jul 29, 2025",https://www.infomerics.com/admin/uploads/pr-Mahalaxmi-Polypack-29july25.pdf
Novatech Projects (I) Private Limited,Long Term Bank Facilities,IVR D (INC)(Reaffirmed),Nil,Rs. 17.02 Cr.,"Jul 29, 2025",https://www.infomerics.com/admin/uploads/pr-novatech-projects-29july25.pdf
Novatech Projects (I) Private Limited,Short Term Bank Facilities,IVR D (INC)(Reaffirmed),Nil,Rs. 66.00 Cr.,"Jul 29, 2025",https://www.infomerics.com/admin/uploads/pr-novatech-projects-29july25.pdf
Prarambh (Originator: Dhara Motor Finance Limited),Long Term - Series A1 PTCs,IVR A- (SO)(Affirmed),Stable,Rs. 4.49 Cr.,"Jul 29, 2025",https://www.infomerics.com/admin/uploads/pr-prarambh-29july25.pdf
Prismo Steels Private Limited,Long Term Bank Facilities,IVR BBB- (Upgraded),Stable,Rs. 40.00 Cr.,"Jul 29, 2025",https://www.infomerics.com/admin/uploads/pr-prismo-steels-29july25.pdf
Rudra Cottex Private Limited,Long Term Bank Facilities - Term Loan,IVR BBB (Upgraded),Stable,Rs. 34.96 Cr. (Previously Rs. 50.78 crore),"Jul 29, 2025",https://www.infomerics.com/admin/uploads/Pr-Rudra-Cottex-29july25.pdf
Rudra Cottex Private Limited,Long Term Bank Facilities - Term Loan,Withdrawn,Nil,0.00 (Previously 0.26 crore),"Jul 29, 2025",https://www.infomerics.com/admin/uploads/Pr-Rudra-Cottex-29july25.pdf
Rudra Cottex Private Limited,Long Term Bank Facilities - Cash Credit,IVR BBB (Upgraded),Stable,Rs. 37.00 Cr. (Previously Rs. 31.00 crore),"Jul 29, 2025",https://www.infomerics.com/admin/uploads/Pr-Rudra-Cottex-29july25.pdf
Rudra Cottex Private Limited,Short Term Bank Facilities - Bank Guarantee,IVR A3+ (Upgraded),Nil,Rs. 2.50 Cr.,"Jul 29, 2025",https://www.infomerics.com/admin/uploads/Pr-Rudra-Cottex-29july25.pdf
Rudra Cottex Private Limited,Proposed Long Term Bank Facilities,IVR BBB (Upgraded),Stable,Rs. 15.00 Cr. (Previously Rs. 27.00 crore),"Jul 29, 2025",https://www.infomerics.com/admin/uploads/Pr-Rudra-Cottex-29july25.pdf
Rusan Pharma Limited,Long Term Bank Facilities,IVR A-,Rating Watch with Developing Implications,Rs. 82.18 Cr.,"Jul 29, 2025",https://www.infomerics.com/admin/uploads/pr-rusan-pharma-29july25.pdf
Rusan Pharma Limited,Short Term Bank Facilities,IVR A2+,Rating Watch with Developing Implications,Rs. 11.02 Cr.,"Jul 29, 2025",https://www.infomerics.com/admin/uploads/pr-rusan-pharma-29july25.pdf
Rusan Pharma Limited,Long Term /Short Term Bank Facilities,IVR A-/IVR A2+,Rating Watch with Developing Implications,Rs. 50.00 Cr.,"Jul 29, 2025",https://www.infomerics.com/admin/uploads/pr-rusan-pharma-29july25.pdf
S M Niryat Private Limited,Long Term Bank Facilities,IVR BB (INC)(Downgraded),Negative,Rs. 85.00 Cr.,"Jul 29, 2025",https://www.infomerics.com/admin/uploads/pr-sm-niryat-29july25.pdf
S M Niryat Private Limited,Short Term Bank Facilities,IVR A4 (INC)(Downgraded),Nil,Rs. 100.00 Cr.,"Jul 29, 2025",https://www.infomerics.com/admin/uploads/pr-sm-niryat-29july25.pdf
S M Niryat Private Limited,Long/Short Term Bank Facilities,IVR BB/IVR A4; (INC)(Downgraded),Negative/-,Rs. 40.00 Cr.,"Jul 29, 2025",https://www.infomerics.com/admin/uploads/pr-sm-niryat-29july25.pdf
Shivam Iron & Steel Company Limited,Long Term Bank Facilities,IVR BBB+ (Reaffirmed),Stable,Rs. 198.73 Cr. (reduced from Rs. 214.46 Crore),"Jul 29, 2025",https://www.infomerics.com/admin/uploads/pr-Shivam-Iron-29july25.pdf
Shivam Iron & Steel Company Limited,Short Term Bank Facilities,IVR A2 (Reaffirmed),Nil,Rs. 106.27 Cr. (enhanced from Rs. 103.10 Crore),"Jul 29, 2025",https://www.infomerics.com/admin/uploads/pr-Shivam-Iron-29july25.pdf
Shivam Iron & Steel Company Limited,Long Term Bank Facility,Withdrawn,Nil,-,"Jul 29, 2025",https://www.infomerics.com/admin/uploads/pr-Shivam-Iron-29july25.pdf
Shivam Iron & Steel Company Limited,Short Term Bank Facility,Withdrawn,Nil,-,"Jul 29, 2025",https://www.infomerics.com/admin/uploads/pr-Shivam-Iron-29july25.pdf
Aarvanss Buildwell and Infracon LLP,Long Term Bank Facilities,IVR BB- (INC)(Downgraded),Negative,Rs. 36.00 Cr.,"Jul 28, 2025",https://www.infomerics.com/admin/uploads/pr-aarvanss-buildwell-28july25.pdf
Aarvanss Buildwell and Infracon LLP,Short Term Bank Facilities,IVR A4 (INC)(Reaffirmed),Nil,Rs. 35.00 Cr.,"Jul 28, 2025",https://www.infomerics.com/admin/uploads/pr-aarvanss-buildwell-28july25.pdf
Aarvanss Buildwell and Infracon LLP,Long/Short Term Bank Facilities,IVR BB-/IVR A4; (INC)(Downgraded/Reaffirmed),Negative/-,Rs. 4.00 Cr.,"Jul 28, 2025",https://www.infomerics.com/admin/uploads/pr-aarvanss-buildwell-28july25.pdf
Apollo Computing Laboratories Private Limited,Long Term Bank Facilities,IVR BB (INC) (Downgraded),Negative,Rs. 27.29 Cr.,"Jul 28, 2025",https://www.infomerics.com/admin/uploads/Pr-Apollo-Computing-28july25.pdf
Apollo Computing Laboratories Private Limited,Short Term Bank Facilities,IVR A4 (INC) (Downgraded),Nil,Rs. 59.34 Cr.,"Jul 28, 2025",https://www.infomerics.com/admin/uploads/Pr-Apollo-Computing-28july25.pdf
Arwade Infrastructure Limited,Long Term Bank Facilities,IVR BBB (Upgraded),Stable,Rs. 30.00 Cr. (enhanced from Rs.11.00 crore),"Jul 28, 2025",https://www.infomerics.com/admin/uploads/Pr-Arwade-Infrastructure-28july25.pdf
Arwade Infrastructure Limited,Short Term Bank Facilities,IVR A3+ (Upgraded),Nil,Rs. 122.00 Cr. (enhanced from Rs. 70.00 crore),"Jul 28, 2025",https://www.infomerics.com/admin/uploads/Pr-Arwade-Infrastructure-28july25.pdf
Khandoba Distilleries Limited,Long Term Bank Facilities,IVR B+ (INC)(Downgraded),Negative,Rs. 52.60 Cr.,"Jul 28, 2025",https://www.infomerics.com/admin/uploads/pr-khandoba-distilleries-28july25.pdf
Khandoba Distilleries Limited,Short Term Bank Facilities,IVR A4 (INC)(Reaffirmed),Nil,Rs. 8.92 Cr.,"Jul 28, 2025",https://www.infomerics.com/admin/uploads/pr-khandoba-distilleries-28july25.pdf
Lalchnd Resort Private Limited,Long Term Bank Facility,IVR BBB- (Assigned),Stable,Rs. 45.00 Cr.,"Jul 28, 2025",https://www.infomerics.com/admin/uploads/pr-lalchnd-resort-28july25.pdf
NRP Projects Private Limited,Long Term Bank Facilities,IVR BBB- (INC)(Downgraded),Negative,Rs. 159.87 Cr.,"Jul 28, 2025",https://www.infomerics.com/admin/uploads/pr-NRP-Projects-28july25.pdf
NRP Projects Private Limited,Short Term Bank Facilities,IVR A3 (INC)(Downgraded),Nil,Rs. 90.00 Cr.,"Jul 28, 2025",https://www.infomerics.com/admin/uploads/pr-NRP-Projects-28july25.pdf
S D Polytech Private Limited,Long Term Bank Facilities,IVR BB+ (INC)(Downgraded),Negative,Rs. 111.42 Cr.,"Jul 28, 2025",https://www.infomerics.com/admin/uploads/pr-SD-Polytech-28july25.pdf
S D Polytech Private Limited,Short Term Bank Facilities,IVR A4+ (INC)(Downgraded),Nil,Rs. 5.00 Cr.,"Jul 28, 2025",https://www.infomerics.com/admin/uploads/pr-SD-Polytech-28july25.pdf
Samavesh Finserve Private Limited,Long Term Fund Based Bank Facility - Term Loan,IVR BB (Reaffirmed),Negative,Rs. 20.98 Cr. (Enhanced from Rs. 17.55 Cr.),"Jul 28, 2025",https://www.infomerics.com/admin/uploads/pr-samavesh-finserve-28july25.pdf
Samavesh Finserve Private Limited,Long Term Fund Based Bank Facility - Term Loan,Withdrawn,Nil,0.00 (Reduced from Rs. 31.60 Cr.),"Jul 28, 2025",https://www.infomerics.com/admin/uploads/pr-samavesh-finserve-28july25.pdf
Samavesh Finserve Private Limited,Proposed Long Term Fund Based Facility - Term Loan,IVR BB (Reaffirmed),Negative,Rs. 29.02 Cr. (Enhanced from Rs. 0.85 Cr.),"Jul 28, 2025",https://www.infomerics.com/admin/uploads/pr-samavesh-finserve-28july25.pdf
Shekar Logistics Private Limited,Long Term Bank Facilities,IVR BB- (Reaffirmed),Stable,Rs. 52.42 Cr.,"Jul 28, 2025",https://www.infomerics.com/admin/uploads/pr-shekar-logistics-28july25.pdf
Shekar Logistics Private Limited,Short Term Bank Facilities,IVR A4 (Reaffirmed),Nil,Rs. 1.50 Cr.,"Jul 28, 2025",https://www.infomerics.com/admin/uploads/pr-shekar-logistics-28july25.pdf
Sree Durga Fibre Products Private Limited,Long Term Bank Facilities,IVR BBB- (INC)(Downgraded),Negative,Rs. 29.17 Cr.,"Jul 28, 2025",https://www.infomerics.com/admin/uploads/pr-SreeDurga-FibreProduct-28july25.pdf
Sree Durga Fibre Products Private Limited,Short Term Bank Facilities,IVR A3 (INC)(Downgraded),Nil,Rs. 6.50 Cr.,"Jul 28, 2025",https://www.infomerics.com/admin/uploads/pr-SreeDurga-FibreProduct-28july25.pdf
Sree Durga Fibre Products Private Limited,Long/Short Term Bank Facilities (Proposed),IVR BBB-/IVR A3; (INC)(Downgraded),Negative/-,Rs. 1.32 Cr.,"Jul 28, 2025",https://www.infomerics.com/admin/uploads/pr-SreeDurga-FibreProduct-28july25.pdf
